"gene_id","delta_psi","sQTL_af","bpval","gene_symbol","ALPHAFOLD.NAME","EXON","READ.FRAME","STRAND","DIRECTION","SEQ","ALIGNED.SEQ","LENGTH","LENGTH.ALIGN","ALIGN.COORDS","ASN..","CYS..","HYDROPATHICITY","MEAN.ACC","HELIX","SHEET","TURN","DOMAIN","MIN","Q1","Q2","Q3","MAX","MIN_pLLDT","Q1_pLLDT","Q2_pLLDT","Q3_pLLDT","MAX_pLLDT","SIGNAL","TOPOLOGY","TRANSMEMBRANE"
"ENSG00000185163",0.2029,0.904306220095694,0.0364042,"DDX51","Q8N8A6",1,"3'-5'","sense","frame_2","AARHARVPGVRLAMALFYVARYPGPDAAAAAGPEGAEAGAHGRARALLERLQSRARERQQQREPAQTEAAASTEPATRRRRRPRRRRRVNDAEPGSPEAPQGKRRKADGEDAGAX","MALFYVARYPGPDAAAAAGPEGAEAGAHGRARALLERLQSRARERQQQREPAQTEAAASTEPATRRRRRPRRRRRVNDAEPGSPEAPQGKRRKADGEDAG",115,100,"1-101",1,0,-1.12347826086957,140.544554455446,"False","False","False","['Disordered']",44.2,80.2,89.7,97.2,127.5,27.96,33.9,36.85,41.74,84.35,"['N-acetylalanine', 'Phosphoserine']","[]",""
"ENSG00000115977",0.142855,0.0902777777777778,0.0327414,"AAK1","Q2M2I8",21,"3'-5'","sense","frame_2","KADVAVESLIPGLEPPVPQRLPSQTESVTSNRTX","KADVAVESLIPGLEPPVPQRLPSQTESVTSNRT",34,33,"824-856",1,0,-0.435294117647059,139.121212121212,"False","False","False","['Clathrin-binding domain (CBD)', 'Disordered']",71.1,82.6,89.5,94.2,106.1,33.59,37.33,39.51,40.64,55.14,"['Phosphoserine']","[]",""
"ENSG00000168116",0.13889,0.87987012987013,0.0461271,"KIAA1586","Q9HCI6",3,"5'-3'","sense","frame_1","EGPSRPVLEYIDLVCGDDENPSAYYSD","EGPSRPVLEYIDLVCGDDENPSAYYSD",27,27,"36-62",1,1,-0.725925925925926,119.703703703704,"False","False","False","['Sufficient for E3 SUMO-protein ligase activity', 'Disordered', 'Interaction with SUMO2 1', 'Interaction with SUMO2 2', 'PSRP']",42.1,61.45,78.2,89.9,112.6,22.93,24.505,26.25,27.985,30.42,"[]","[]",""
"ENSG00000248487",0.1350575,0.778656126482213,0.00384207,"ABHD14A","Q9BUJ0",3,"5'-3'","sense","frame_3","R*LGCRPAAAECAGAPRWPRSWPPRAGAARGAAEAAMVGALCGCWFRLGGARPLIPLGP","MVGALCGCWFRLGGARPLIPLGP",59,23,"1-23",0,4,0.0796610169491525,149.217391304348,"False","False","False","[]",71.2,92.15,98.9,103.3,130.5,31.57,36.26,38.65,40.87,44.95,"[]","[]",""
"ENSG00000048052",0.1180125,0.0551470588235294,0.0280732,"HDAC9","Q9UKV0",21,"5'-3'","sense","frame_3","SEPNLKVRSRLKQKVAERRSSPLLRRKDGNVVTSFKKRMFEVTX","SEPNLKVRSRLKQKVAERRSSPLLRRKDGNVVTSFKKRMFEVT",44,43,"220-262",2,0,-0.975,148.372093023256,"False","False","False","['Interaction with MAPK10', 'Disordered', 'Interaction with ETV6', 'Disordered']",61.1,78.15,86.6,89.8,107.8,33.94,37.09,38.65,41.585,48.78,"['Phosphoserine', 'Phosphoserine']","[]",""
"ENSG00000160469",0.117325,0.890295358649789,0.00692652,"BRSK1","Q8TDC3",17,"5'-3'","sense","frame_1","RSRSVSGASTGLSSSPLSSPR","RSRSVSGASTGLSSSPLSSPR",21,21,"429-449",0,0,-0.561904761904762,131.809523809524,"False","False","False","['Disordered']",79.2,85.3,91.9,96.1,102.1,31.92,36.77,39.03,40.12,42.3,"['Phosphoserine', 'Phosphoserine']","[]",""
"ENSG00000111676",0.1061225,0.82824427480916,0.0190966,"ATN1","P54259",5,"5'-3'","sense","frame_1","KARVEEASTPKVNKQGRSEEISESESEETNAPKKTKTE","KARVEEASTPKVNKQGRSEEISESESEETNAPKKTKTE",38,38,"56-93",2,0,-1.75,139.289473684211,"False","False","False","['Disordered']",52.6,77.275,87.25,91.975,99,30.1,33.09,35.395,39.0075,45.33,"['Phosphoserine', 'Phosphoserine']","[]",""
"ENSG00000144218",0.1,0.235537190082645,0.0295263,"AFF3","P51826",8,"5'-3'","antisense","frame_1","PTSVEFGLLTERSTP*SQ*SVVYVL","SVEFGLLTERSTP",25,13,"188-200",0,0,0.232,142.076923076923,"False","False","False","['Disordered']",70.7,83.6,88.9,93.2,98,28.89,34.35,37.08,39.35,47.17,"[]","[]",""
"ENSG00000130340",0.0860825,0.847676419965577,5.83363e-20,"SNX9","Q9Y5X1",5,"3'-5'","antisense","frame_2","RRPGLAALSPGSASSPAARPRVGLGGGSGNGNGRAES*W*APRPLLGRQGPAPWAGGTGGS","GGSGNGNGRAES",61,12,"187-198",2,0,-0.540983606557377,135.416666666667,"False","False","False","['Disordered']",86.6,95.1,100.75,104.25,109.3,29.37,30.4325,33.085,34.5125,36.49,"['Phosphoserine']","[]",""
"ENSG00000233024",0.0852174999999999,0.825581395348837,5.41003e-06,NA,"A0A0B4J1W7",12,"5'-3'","sense","frame_1","LKKSVRHGCNISFHSQVIPNCKCX","CNISFHSQ",24,8,"355-362",2,3,-0.25,140.125,"False","False","False","[]",79.1,82.775,84.9,90.075,102.7,37.54,38.325,39.025,42.2425,47.61,"[]","[]",""
"ENSG00000124160",0.0831,0.336633663366337,0.0415289,"NCOA5","Q9HCD5",2,"3'-5'","sense","frame_3","INKAAERRNMNTAPSRPSPTRX","MNTAPSRPSPTR",22,12,"1-12",3,0,-1.45,154.583333333333,"False","False","False","['Transcription repression', 'Disordered']",84,93.15,97.05,99.075,121.3,37.85,46.13,49.39,55.0275,60.87,"['N-acetylmethionine', 'Phosphothreonine', 'Phosphoserine']","[]",""
"ENSG00000089280",0.0762425,0.77536231884058,0.0256719,"FUS","P35637",7,"5'-3'","sense","frame_2","GSDRGGFNKFGX","GSDRGGFNKFG",12,11,"256-266",1,0,-1.01666666666667,140.181818181818,"False","False","False","['Disordered', 'Breakpoint for translocation to form FUS/TLS-CHOP oncogene']",80.9,88.35,98.3,101.35,105.6,35.5,38.5,42.93,45.07,48.8,"['Asymmetric dimethylarginine']","[]",""
"ENSG00000100523",0.0761725,0.829931972789116,5.55199e-05,"DDHD1","Q8NEL9",15,"3'-5'","sense","frame_2","FRLQESFFNLPQLLFPENVMQNKDNALX","FRLQESFFNLPQLLFPENVMQNKDNAL",28,27,"814-840",4,0,-0.332142857142857,120.037037037037,"True","False","False","['DDHD']",13.4,49.85,79.9,88.1,115.8,30.08,36.505,45.81,49.295,68.78,"[]","[]",""
"ENSG00000102977",0.074325,0.833333333333333,0.0496636,"ACD","Q96AP0",9,"3'-5'","sense","frame_2","PELPPPDPALQDLSLTLIASPPSSPSSSX","PELPPPDPALQDLSLTLIASPPSSPSSS",29,28,"249-276",0,0,-0.206896551724138,131.607142857143,"False","False","False","['Interaction with POT1', 'Disordered']",74.6,86.775,90.75,96.95,102,31.1,34.775,38.715,42.625,50.18,"[]","[]",""
"ENSG00000008294",0.069265,0.68936170212766,1.08916e-31,"SPAG9","O60271",13,"3'-5'","sense","frame_2","TPTKGIENKAFDRNTESLFEELSSAGSGLIGDVDEGADLLX","TPTKGIENKAFDRNTESLFEELSSAGSGLIGDVDEGADLL",41,40,"365-404",2,0,-0.402439024390244,128.075,"False","False","False","[]",56.7,75.525,86.4,90.1,104.6,29.08,43.245,46.845,54.1775,64.09,"['Phosphothreonine']","[]",""
"ENSG00000080345",0.06484,0.326689774696707,7.55724e-05,"RIF1","Q5UIP0",32,"5'-3'","sense","frame_1","HNTTSAKGFLSPGSRSPKFKSSKKCL","HNTTSAKGFLSPGSRSPKFKSSKKCL",26,26,"2250-2275",1,1,-0.9,137.576923076923,"False","False","False","['Interaction with condensed chromosomes in telophase', 'Interaction with ERCC6', 'Disordered']",64.5,83.875,90.6,93.6,98.4,27.89,30.2575,31.26,33.57,37.2,"['Phosphoserine']","[]",""
"ENSG00000179954",0.064515,0.926944971537002,0.0081848,"SSC5D","A1L4H1",14,"5'-3'","sense","frame_3","SKDGYKLPWTWDTPSGRGLAEGTPTAGKLGPTLGAGTTRSPGSPPTLRVHGDTX","SKDGYKLPWTWDTPSGRGLAEGTPTAGKLGPTLGAGTTRSPGSPPTLRVHGDT",54,53,"930-982",0,0,-0.77037037037037,129.264150943396,"False","False","False","['Disordered']",58.6,82,89.5,94.8,105.9,25.24,31,32.66,34.55,42.76,"[]","[]",""
"ENSG00000178691",0.061225,0.110364683301344,0.0145943,"SUZ12","Q15022",9,"5'-3'","sense","frame_2","RLQLLDGEYEVAMQEMEECPISKKRATWETILDGK","RLQLLDGEYEVAMQEMEECPISKKRATWETILDGK",35,35,"307-341",0,1,-0.691428571428571,109.885714285714,"False","False","False","['Interaction with AEBP2 and PHF19']",2.3,35,72.4,89.9,101.5,29.82,37.17,43.14,88.565,92.03,"[]","[]",""
"ENSG00000138798",0.05935,0.191595441595442,2.58558e-11,"EGF","P01133",6,"5'-3'","sense","frame_3","QKLCKLRKGNCSSTVCGQDLQSHLCMCAEGYALSRDRKYCEX","QKLCKLRKGNCSSTVCGQDLQSHLCMCAEGYALSRDRKYCE",42,41,"315-355",1,6,-0.578571428571429,108.170731707317,"False","False","False","['EGF-like 1']",1.5,37.5,61.8,96.7,105.5,29.3,36.57,41.66,63.09,74.62,"['N-linked (GlcNAc...) asparagine', '', '', '']","['Extracellular']",""
"ENSG00000156983",0.054545,0.241824440619621,0.0471779,"BRPF1","P55201",12,"5'-3'","sense","frame_3","LGPNMSSTPAHEVGRRTSVLFSKKNPKTAGPPKRPGRPPKNRESQMTPSHGGSPVGPPQLPIMSSLRQRKRGRSPRPSSSSDSDSDKSTEDPPMX","LGPNMSSTPAHEVGRRTSVLFSKKNPKTAGPPKRPGRPPKNRESQMTPSHGGSPVGPPQLPIMSSLRQRKRGRSPRPSSSSDSDSDKSTEDPPM",95,94,"874-967",3,0,-1.32,143.595744680851,"False","False","False","['Required for RUNX1 and RUNX2 transcriptional activation', 'Disordered']",75.1,85.6,90.7,97.4,107.7,29.11,33.035,35.9,38.4275,47.8,"['Phosphoserine', 'Phosphoserine', 'Phosphoserine']","[]",""
"ENSG00000138606",0.05434,0.0691287878787879,0.0093673,"SHF","Q7M4L6",8,"3'-5'","sense","frame_3","QFEGPEKSCLSPGREEKGRLPPRLSAGNPKSAKPLSMEPSSPLGEWTDPALPLENQV","QFEGPEKSCLSPGREEKGRLPPRLSAGNPKSAKPLSMEPSSPLGEWTDPALPLENQV",57,57,"266-322",2,1,-0.928070175438597,127.298245614035,"False","False","False","['Disordered']",4.8,75.6,89.3,95.4,103.8,32.13,41.18,46.89,52.57,91.38,"[]","[]",""
"ENSG00000136811",0.05263,0.883838383838384,0.0438117,"ODF2","Q5BJF6",6,"5'-3'","sense","frame_2","FPSCGKNGVTSLTQKKVLRAPCGAPSVTVT","FPSCGKNGVTSLTQKKVLRAPCGAPSVTVT",30,30,"12-41",1,2,0.0466666666666667,133.766666666667,"False","False","False","[]",75.8,84.875,91.85,96.55,104.6,28.51,30.285,31.665,33.915,50.6,"[]","[]",""
"ENSG00000137822",0.05136,0.887755102040816,0.0280119,"TUBGCP4","Q9UGJ1",16,"5'-3'","antisense","frame_1","DKHPSERLLSG*DKPKILTDK","DKHPSER",21,7,"70-76",0,0,-1.3,158.714285714286,"False","False","False","[]",71.5,90.65,93.8,101.4,113.2,29.91,31.07,32.46,34.545,38.97,"[]","[]",""
"ENSG00000119509",0.046295,0.923224568138196,0.0307055,"INVS","Q9Y283",8,"3'-5'","sense","frame_3","PPGPHSCMKQFAY*LWPPSERVHFILVAS","WPPSER",29,6,"774-779",0,1,-0.0241379310344828,182.833333333333,"False","False","False","['Disordered']",80.5,86.525,90.1,95.4,97.3,27.22,28.83,30.18,32.805,35.28,"[]","[]",""
"ENSG00000125089",0.046155,0.366990291262136,8.02976e-06,"SH3TC1","Q8TE82",13,"5'-3'","sense","frame_3","PFFVLCPDHHVRVMTGPRDAGNGPQALRQASGAPQGEAAPETDSSPPSPSVSSEEVAVAAAPEPLIPFHX","PFFVLCPDHHVRVMTGPRDAGNGPQALRQASGAPQGEAAPETDSSPPSPSVSSEEVAVAAAPEPLIPFH",70,69,"211-279",1,1,-0.305714285714286,94.8840579710145,"False","False","False","['Disordered']",1.1,40.2,81.7,92.8,105.7,23.51,29.76,40.62,74.59,90.27,"[]","[]",""
"ENSG00000196236",0.044645,0.942196531791908,0.0171582,"XPNPEP3","Q9NQH7",4,"3'-5'","antisense","frame_3","SLRTTLQPTLIPLRRVVTLGVL*SQKVSTF","RTTLQPTLIPLRRV",30,14,"30-41",0,0,0.433333333333333,137.166666666667,"False","False","False","[]",17.3,59.85,81.45,93.15,99,30.2,41.855,47.59,59.9925,79.86,"[]","[]",""
"ENSG00000132254",0.044365,0.794258373205742,2.32603e-05,"ARFIP2","P53365",2,"3'-5'","sense","frame_1","GAGVESFTPIPFLAMTDGILGKAATMEIPIHGNGEARQLPEDDGLEQ","MTDGILGKAATMEIPIHGNGEARQLPEDDGLEQ",47,33,"1-33",1,0,-0.136170212765957,131.545454545455,"False","False","False","[]",23.7,77.4,86.9,95.5,122.8,32.41,37.16,40.29,44.13,78.87,"[]","[]",""
"ENSG00000135297",0.0419575,0.192307692307692,5.83958e-07,"MTO1","Q9Y2Z2",10,"5'-3'","sense","frame_1","TECCSVARLECSDMISQLQAILLPQPSLVAGTAGMHHNTQ","RLECSDMISQLQAILLP",40,17,"385-401",1,3,0.1675,117.352941176471,"False","False","False","[]",2.5,71,86.9,94.5,106.7,25,26.8,28,36.01,81.08,"[]","[]",""
"ENSG00000135870",0.04131,0.294964028776978,0.0302089,"RC3H1","Q5TC82",19,"3'-5'","sense","frame_3","ENQCSLDMKSKLNTSKQAENGQPEPQNKVPAEDLTLTFX","ENQCSLDMKSKLNTSKQAENGQPEPQNKVPAEDLTLTF",39,38,"1046-1083",4,1,-1.13076923076923,130.210526315789,"True","False","False","['Disordered']",47.4,71.625,79.7,91.75,105,31.56,35,37.89,44.985,71.18,"[]","[]",""
"ENSG00000155275",0.040465,0.664136622390892,0.00101125,"TRMT44","Q8IYL2",12,"5'-3'","sense","frame_2","VWSLAPCCRVHAGPHLILHSWQSRPFLLEHVDKSQRGQCAGPMSPSEWRGHATVRARSDPALAPLSLWHHPRTVILNPFLRATW*KGVSVCCQKQWWRWRLLC*GRVPGDAHX","DKSQRGQCAGPMSPSEWRGHATVRARSDPALAPLSLW",113,37,"110-146",1,6,-0.298230088495575,82.2702702702703,"True","False","False","['Disordered']",4.6,28.2,58.6,71,105.8,22.71,28.43,39.35,53.37,78.69,"[]","[]",""
"ENSG00000110066",0.04018,0.738095238095238,0.0248871,"KMT5B","Q4FZB7",7,"3'-5'","sense","frame_3","WGDRKTK*QENLGSESLERVGNX","KTK*QENLGSES",23,12,"729-740",2,0,-1.47391304347826,152.75,"False","False","False","['Disordered']",74.7,94.125,97.65,99.85,106.2,31.8,32.9,33.655,35.37,39.42,"[]","[]",""
"ENSG00000170653",0.0397975,0.401960784313726,0.0388454,"ATF7","P17544",8,"3'-5'","sense","frame_3","EVTPKPVLISTPTPTIVRPGSLPLHLGYDPLHPTLPSPTSVITQAPPSNRQMG","EVTPKPVLISTPTPTIVRPGSLPLHLGYDPLHPTLPSPTSVITQAPPSNRQMG",53,53,"135-187",1,0,-0.2,136.094339622642,"False","False","False","['Transactivation domain', 'Disordered']",70.4,83.9,90.4,94.3,104.6,32.6,39,40.85,43.8,56.26,"[]","[]",""
"ENSG00000145506",0.0384525,0.949514563106796,0.00101542,"NKD2","Q969F2",3,"5'-3'","sense","frame_3","DSFVASAYASGRKGAEEAERRARDKQ","DSFVASAYASGRKGAEEAERRARDKQ",26,26,"22-47",0,0,-1.28846153846154,150.269230769231,"False","False","False","['Disordered', 'Targeting to the basolateral cell membrane']",64.5,88.275,92.65,97.4,111,39.29,44.1325,46.89,50.465,56.88,"[]","[]",""
"ENSG00000116141",0.0359275,0.90295358649789,0.0480981,"MARK1","Q9P0L2",18,"5'-3'","sense","frame_2","DPSEGEASGRTDTSX","DPSEGEASGRTDTS",15,14,"664-677",0,0,-1.52666666666667,131.642857142857,"False","False","False","['Disordered']",75.8,84.425,88.5,96.025,107.1,33.2,39.2925,40.695,42.0625,43.3,"['Phosphoserine']","[]",""
"ENSG00000056487",0.034885,0.0625,0.0486408,"PHF21B","Q96EK2",17,"3'-5'","sense","frame_1","NEDPCWK","NEDPCWK",7,7,"340-346",1,1,-2.05714285714286,138.285714285714,"False","False","False","[]",63.6,70.45,79.6,84.5,93.8,41.62,42.545,43.52,45.16,46.35,"[]","[]",""
"ENSG00000095585",0.034515,0.482993197278912,0.000337182,"BLNK","Q8WV28",4,"3'-5'","antisense","frame_2","PPNIVPKNLY*M*V*GTSRTILHLRLGHQDPTPVLRRKDCSRSTPTTIERPLV*NTTFPNLLGQPGVKT*GPL*FTRL*F**TFPRSFPSST","STPTTIERPLV*NTTFPN",92,18,"196-213",4,1,-0.330434782608696,135.222222222222,"False","False","False","['Disordered']",68.7,81.4,86.25,93.85,99.3,35.32,44.3625,47.91,51.98,56.08,"[]","[]",""
"ENSG00000109118",0.0323625,0.096551724137931,0.0274121,"PHF12","Q96QT6",7,"3'-5'","sense","frame_3","PWNHPTLPMVTVWNPVGPKNPNMGC*NGQKX","NHPTLPMVTVWNPVGP",31,16,"637-652",5,1,-0.751612903225806,135.75,"False","False","False","['Interaction with SIN3A', 'Disordered']",69.4,80.9,86.25,89.825,99.6,32.65,35.295,35.76,36.9425,37.63,"[]","[]",""
"ENSG00000039319",0.031415,0.870410367170626,0.00980537,"ZFYVE16","Q7Z3T8",4,"3'-5'","antisense","frame_3","RTLQRARINHLKDKVWSX","TLQRARINHLKDKV",18,14,"249-262",1,0,-1.07222222222222,155.285714285714,"False","False","False","[]",74.1,78.85,87.2,97.325,102.2,27.37,29.7175,30.495,31.72,32.91,"[]","[]",""
"ENSG00000005156",0.02857,0.0841584158415842,0.0145424,"LIG3","P49916",21,"5'-3'","sense","frame_1","ELYQLSKEKADFTVVAGDEGSSTTGGSSEENKGPSGSAVSRKAPSKPSASTKKAEGKLSNSNSKDX","ELYQLSKEKADFTVVAGDEGSSTTGGSSEENKGPSGSAVSRKAPSKPSASTKKAEGKLSNSNSKD",66,65,"827-891",3,0,-1.06666666666667,117.707692307692,"True","False","False","['Disordered']",8.4,74.6,88.4,96.4,104.7,27.02,32.21,34.99,45.28,92.81,"[]","[]",""
"ENSG00000139372",0.0265125,0.0611510791366906,0.0240186,"TDG","Q13569",4,"5'-3'","sense","frame_2","YSLQQAQAFYTFPFQQLMAEAPNMAVVNEQQMPEEVPAPAPAQEPVQX","YSLQQAQAFYTFPFQQLMAEAPNMAVVNEQQMPEEVPAPAPAQEPVQ",48,47,"9-55",2,0,-0.383333333333333,140.106382978723,"False","False","False","['Disordered']",55.2,80.85,88.8,93.15,106.2,29.26,36.465,40.09,43.66,57.91,"[]","[]",""
"ENSG00000125744",0.0254625,0.162593984962406,0.00525745,"RTN2","O75298",6,"3'-5'","sense","frame_2","TAMEWLKTSLLLAVYKTVPILELSPPLWTAIGWVQRGPTPPTPVLRVLLKWAKSPRSSGVPSLSLGADMGSKX","TAMEWLKTSLLLAVYKTVPILELSPPLWTAIGWVQRGPTPPTPVLRVLLKWAKSPRSSGVPSLSLGADMGSK",73,72,"273-344",0,0,0.187671232876712,117.222222222222,"True","False","False","[]",25.1,57.2,76.45,85.075,104.1,31.82,43.7375,49.925,58.34,79.25,"[]","[]",""
"ENSG00000145087",0.0250575,0.567164179104478,0.0423612,"STXBP5L","Q9Y2K9",21,"5'-3'","sense","frame_3","NFCMRGLSNFYPDLTKRIRTSYQX","NFCMRGLSNFYPDLTKRIRTSYQ",24,23,"705-727",2,1,-0.704166666666667,150.173913043478,"False","False","False","['WD 10']",57.7,76.85,87.7,91.8,104.1,21.27,23.035,24.34,24.98,27.3,"['Omega-N-methylarginine']","[]",""
"ENSG00000119685",0.02427,0.177103718199609,0.0267002,"TTLL5","Q6EMB2",25,"5'-3'","sense","frame_3","ETQEEAY*QEEHX","EEAY*QEEH",13,9,"19-27",0,0,-2.14615384615385,119.666666666667,"False","False","False","[]",18.5,56.5,77.1,89.5,98.5,32.67,35.73,39.9,52.92,77.92,"[]","[]",""
"ENSG00000148219",0.024245,0.185643564356436,0.0216882,"ASTN2","O75129",4,"3'-5'","sense","frame_2","AAEATQETVESLMQKFKESFRANTPIEIGQLQPPLRSTSAGKRKRRSKSRX","AAEATQETVESLMQKFKESFRANTPIEIGQLQPPLRSTSAGKRKRRSKSR",51,50,"340-389",1,0,-1.05098039215686,137.82,"False","False","False","['Disordered']",42,76.35,85.7,92.075,109.5,28.65,33.07,35.43,40.77,59.73,"[]","['Cytoplasmic']",""
"ENSG00000196155",0.02414,0.943064182194617,0.00975115,"PLEKHG4","Q58EX7",19,"5'-3'","sense","frame_1","SPSLAAEDSEISSQCPSASGSSGSDSSCVSGQALGRGLEDLPC","PSLAAEDSEISSQCPSASGSSGSDSSCVSGQALGRGLEDLPC",43,42,"1149-1190",0,3,-0.258139534883721,127.571428571429,"False","False","False","['Disordered']",65.8,86.05,92.2,98.225,105.2,22.39,29.8425,31.64,33.315,47.81,"[]","[]",""
"ENSG00000078687",0.023235,0.519067796610169,0.0374015,"TNRC6C","Q9HCJ0",13,"5'-3'","sense","frame_1","LTLSFSNQDGGLVEEPTPSPFLPSPSLKLPLSHSALPSQALGGIASGLGMQNLNSSRQ","SFSNQDGGLVEEPTPSPFLPSPSLKLPLSHSALPSQALGGIASGLGMQNLNSSRQ",58,55,"1016-1070",3,0,-0.120689655172414,127.181818181818,"False","False","False","[]",33,80.9,88.6,96.05,107.9,26.67,30.835,33.12,35.55,43.44,"[]","[]",""
"ENSG00000169992",0.02287,0.665919282511211,0.0298459,"NLGN2","Q8NFZ4",3,"5'-3'","sense","frame_3","PLTKKRDEATLNPPDTX","PLTKKRDEATLNPPDT",17,16,"154-169",1,0,-1.4,123.9375,"False","False","True","[]",18.2,73.075,79.45,89.025,106.9,34.49,37.69,39.725,45.9475,59.35,"[]","['Extracellular']",""
"ENSG00000135317",0.0228575,0.404109589041096,4.46096e-12,"SNX14","Q9Y5W7",19,"3'-5'","sense","frame_3","GSLSLDDFR","GSLSLDDFR",9,9,"484-492",0,0,-0.344444444444444,151.777777777778,"False","False","False","[]",79.6,85.5,94.2,97.7,110.4,27.78,28.12,29.53,29.91,31.49,"[]","[]",""
"ENSG00000112305",0.022065,0.763793103448276,0.0321656,"SMAP1","Q8IYB5",6,"5'-3'","sense","frame_1","ISSSDAPLQPLVSSPSLQAAVDKNKLE","ISSSDAPLQPLVSSPSLQAAVDKNKLE",27,27,"139-165",1,0,-0.181481481481481,129.888888888889,"True","False","False","['Disordered']",61.7,75.55,85.2,92.35,110.1,34.85,43.33,49.1,54.08,59.7,"[]","[]",""
"ENSG00000107731",0.02206,0.936008676789588,0.00059165,"UNC5B","Q8IZJ1",8,"5'-3'","sense","frame_3","KKTLSDPNSHX","KKTLSDPNSH",11,10,"357-366",1,0,-1.64545454545455,138,"False","False","False","[]",70.8,78.675,88.7,90.325,93.4,37.04,37.7975,39.485,42.8775,44.69,"[]","['Extracellular']",""
"ENSG00000266074",0.021935,0.631123919308357,0.0262835,"BAHCC1","Q9P281",12,"5'-3'","sense","frame_3","ARAHSVAHAGLEFLASNDPSTSASQSFGITX","ARAHSVAHAGLEFLASNDPSTSASQSFGIT",31,30,"1056-1085",1,0,-0.0258064516129033,131.6,"False","False","False","[]",72.1,84.425,90.45,95.6,111.9,23.64,25.6625,31.07,33.1175,40.98,"[]","[]",""
"ENSG00000165406",0.0191575,0.83495145631068,0.0386349,"MARCHF8","Q5T0T0",3,"3'-5'","sense","frame_2","MGSCCVAQTGLKLLASSDPSASASQSTGITX","ASSDPSASA",31,9,"52-60",0,2,0.3,107.444444444444,"False","False","False","['Disordered']",85.6,90.4,92.3,98,102.1,27.84,29.57,32.93,37.23,54.75,"[]","[]",""
"ENSG00000090060",0.01912,0.149122807017544,0.0311835,"PAPOLA","P51003",22,"5'-3'","sense","frame_1","EQLDTETSTTQSETIQTAASLLASQ","EQLDTETSTTQSETIQTAASLLASQ",25,25,"690-714",0,0,-0.564,133.12,"False","False","False","['Disordered', 'Required for interaction with NUDT21']",74.9,82.4,85.3,90.5,103.2,29.47,33.51,34.84,35.7,39.19,"[]","[]",""
"ENSG00000172671",0.018215,0.93161094224924,0.00179492,"ZFAND4","Q86XD8",12,"3'-5'","antisense","frame_3","CEKGRRRNKGK*GCGTHL","GRRRNKGK*GCGTHL",18,15,"589-602",1,2,-1.60555555555556,133.714285714286,"False","False","False","[]",76.3,83.9,92,95.85,112.1,30.65,34.6325,36.715,37.545,40.45,"[]","[]",""
"ENSG00000168779",0.01751,0.24,0.0323906,"SHOX2","O60902",3,"5'-3'","antisense","frame_2","SSFGCFRLQVRCDEEGPLRKAKEX","EEGPLRKAKE",24,10,"30-39",0,2,-0.775,144.6,"False","False","False","['Disordered']",77.1,89.65,91.55,99.075,103,40.4,44.43,45.765,48.6575,58.19,"[]","[]",""
"ENSG00000196150",0.0173199999999999,0.644927536231884,0.00343312,"ZNF250","P15622",7,"3'-5'","sense","frame_2","NLKYDHTTACTQQDSLSCPWX","NLKYDHTTACTQQDSLSCPW",21,20,"101-120",1,2,-0.842857142857143,122.55,"False","False","False","[]",50.3,68.7,79.65,88.125,98.3,23,28.5275,29.285,30.7625,35.88,"[]","[]",""
"ENSG00000181240",0.017095,0.649038461538462,0.00442687,"SLC25A41","Q8N5S1",3,"5'-3'","sense","frame_1","SVAQAGVRSGDLGSLQPPPPRFRRFSCLSLPSX","QPPPP",33,5,"34-38",0,1,-0.218181818181818,121.8,"False","False","False","[]",78.5,83.5,83.5,85.1,91.1,30.3,35.19,36.14,37.83,39.33,"[]","[]",""
"ENSG00000144224",0.0164625,0.217105263157895,0.00505375,"UBXN4","Q92575",7,"5'-3'","sense","frame_3","GESAGHATSSQEPSGCSDQRPAEDLNIRVEX","GESAGHATSSQEPSGCSDQRPAEDLNIRVE",31,30,"171-200",1,1,-1.04516129032258,119.633333333333,"False","False","False","['Interaction with UBQLN1', 'Disordered']",32.8,71.525,84.35,94.475,107.5,31.86,37.0975,39.9,54.06,78.07,"[]","['Cytoplasmic']",""
"ENSG00000162373",0.01645,0.923459244532803,0.0448708,"BEND5","Q7L4P6",2,"3'-5'","sense","frame_1","DKSDLENSVMQKKIKIPKLSLNHVEEDGEVKDYGEEDLQLRHIK","DKSDLENSVMQKKIKIPKLSLNHVEEDGEVKDYGEEDLQLRHIK",44,44,"77-120",2,0,-1.13181818181818,124.886363636364,"False","False","False","[]",0.6,57,80.05,90.55,106.7,25.88,33.995,39.795,72.8825,87.53,"[]","[]",""
"ENSG00000101230",0.0164425,0.609294320137694,0.0342232,"ISM1","B1AKI9",3,"5'-3'","sense","frame_1","VTIEVVDGPDSEADKDQHPENKPSWSVPSPDWRAWWQRSLSLARANSGDQDYKYDSTSDDSNFLNPPRGWDHTAPGHRTFETKDQPEYX","VTIEVVDGPDSEADKDQHPENKPSWSVPSPDWRAWWQRSLSLARANSGDQDYKYDSTSDDSNFLNPPRGWDHTAPGHRTFETKDQPEY",89,88,"127-214",4,0,-1.39101123595506,139.590909090909,"False","False","False","['Disordered', 'Disordered']",17.5,79.775,89.35,94.475,106.6,26.31,32.4775,35.62,38.905,51.96,"[]","[]",""
"ENSG00000126883",0.01613,0.857142857142857,0.0336902,"NUP214","P35658",32,"5'-3'","sense","frame_3","FGSSNTGSVFGQAASTGGIVFGQ","FGSSNTGSVFGQAASTGGIVFGQ",23,23,"1842-1864",1,0,0.321739130434783,124.04347826087,"False","False","False","['22', '23', '24', '11 X 5 AA approximate repeats', '18 X 4 AA approximate repeats', '11 X 3 AA approximate repeats']",72.4,88.05,92.7,96.3,107.4,26.06,28.235,29.2,29.995,32.95,"[]","[]",""
"ENSG00000177192",0.016025,0.922690763052209,0.0334007,"PUS1","Q9Y606",3,"5'-3'","sense","frame_1","SQDLILLPRLECSGMIMAHCSLKLLGSSNPPASASRVX","CSLKLLGSSNPPASAS",38,16,"25-40",1,2,0.334210526315789,132.25,"False","False","False","['Disordered']",86.4,93.2,96.15,99.825,112.4,30.69,33.8225,35.825,40.0575,54.15,"[]","[]",""
"ENSG00000124256",0.01536,0.90530303030303,0.00921233,"ZBP1","Q9H171",7,"3'-5'","sense","frame_2","SATAAGPEASFEARIPSPGTHPEGEAAQRIHMKSCFLEDATIGNSNKMSISPGVAGPGGVAGSGEGEPGEDAX","SATAAGPEASFEARIPSPGTHPEGEAAQRIHMKSCFLEDATIGNSNKMSISPGVAGPGGVAGSGEGEPGEDA",73,72,"293-364",2,1,-0.428767123287671,82.0972222222222,"False","False","False","['Disordered', 'Disordered']",0.2,31.725,67.05,89.3,108.8,28.82,34.915,45.935,57.9275,70.69,"[]","[]",""
"ENSG00000104853",0.0147775,0.3475,0.0280949,"CLPTM1","O96005",2,"5'-3'","sense","frame_1","KWPS*EAWLRHSCRIGWPGGARKA*NLARLRCEVGDGAGLAAGAGTRSGKMAAAQEADGARSAVVAAGGGSSGQ","MAAAQEADGARSAVVAAGGGSSGQ",74,24,"1-24",1,2,-0.316216216216216,112.25,"False","False","False","['Disordered']",53.7,77.25,92.8,95.425,107.7,26.47,27.95,30.065,32.335,35.72,"['N-acetylalanine']","['Extracellular']",""
"ENSG00000198648",0.0143725,0.718808193668529,0.0453669,"STK39","Q9UEW8",14,"3'-5'","sense","frame_1","IAVSASTIPEQIQSLSVHDSQ","IAVSASTIPEQIQSLSVHDSQ",21,21,"415-435",0,0,0.10952380952381,134.904761904762,"False","False","False","['Interaction with RELT', 'Disordered']",74.9,82.6,88.1,93.5,106.8,27.89,30.09,32.4,33.55,36.96,"[]","[]",""
"ENSG00000140153",0.014285,0.798336798336798,0.022649,"WDR20","Q8TBZ3",8,"3'-5'","antisense","frame_3","LGYSNHLVSKSRGKIDS","HLVSKSRGKID",17,11,"486-496",1,0,-0.676470588235294,146.454545454545,"False","False","False","['WD 6']",76.9,87.1,90.9,97.85,101.6,26.18,28.795,29.56,31.74,35.01,"[]","[]",""
"ENSG00000166348",0.013335,0.373684210526316,0.0229983,"USP54","Q70EL1",30,"3'-5'","sense","frame_2","DSSNVRKPLETGHRCSSSSSLPVIHDPSVFLLGPQLYLPQPQFLSPDVLMPTMAGEPNRLPX","DSSNVRKPLETGHRCSSSSSLPVIHDPSVFLLGPQLYLPQPQFLSPDVLMPTMAGEPNRLP",62,61,"1438-1498",2,1,-0.269354838709677,138.44262295082,"False","False","False","['Disordered']",69.3,83.1,88.7,92,104.2,26.51,31.81,34.18,36.77,44.93,"[]","[]",""
"ENSG00000100105",0.01325,0.565559440559441,0.0276783,"PATZ1","Q9HBE1",5,"3'-5'","sense","frame_2","FSSASYLKVHVKTHHGVPLPQVSRHQEPILNGGAAFHCARTYGNKX","FSSASYLKVHVKTHHGVPLPQVSRHQEPILNGGAAFHCARTYGNK",46,45,"504-548",2,1,-0.430434782608696,119.422222222222,"False","True","False","['C2H2-type 6']",16.7,64.2,82,94.6,107.5,28.68,33.27,36.6,74.55,82.13,"[]","[]",""
"ENSG00000029363",0.01322,0.835526315789474,0.0178536,"BCLAF1","Q9NYF8",7,"5'-3'","antisense","frame_2","RTLYKTLPF*VQSFILSTTFYVRFNLEDRRTVFTVFLTQRSSLRTQSTLILTP*WEHHRQSSKLLTNTLYTTYNPX","FYVRFNLEDRRTVFTVFLTQRSSLR",76,25,"336-356",3,0,-0.297368421052632,167.571428571429,"False","False","False","['Disordered']",78.4,87.8,92.3,94.7,103.6,37.39,40.85,42.04,43.46,51.67,"['Phosphothreonine', 'Phosphothreonine', 'Phosphoserine']","[]",""
"ENSG00000101363",0.01287,0.330208333333333,0.0011923,"MANBAL","Q9NQG1",3,"3'-5'","sense","frame_2","VVPATQKAEAGELLQLGGLGCSEPMSRDCATLSDGVRDX","VPATQKAEAGELLQLGGLGCSEPMSRD",39,27,"44-61",0,2,-0.107692307692308,135.611111111111,"False","False","False","['Disordered']",66.6,80,84.65,94.425,103.6,41.55,44.5575,47.405,50.0425,65.58,"[]","['Helical']","True"
"ENSG00000141446",0.0123375,0.284246575342466,0.0287096,"ESCO1","Q5FWF5",11,"3'-5'","antisense","frame_2","KILRLSLPLRCNTHRLQFV*VFFSPLFEKKSRCEHH*LLVL","SLPLRCNTH",41,9,"576-583",1,2,0.192682926829268,133.125,"False","False","False","['Disordered']",72.1,83.175,86.85,90.6,97.4,31.17,31.8725,33.565,36.4625,39.51,"[]","[]",""
"ENSG00000140396",0.0117675,0.128712871287129,0.0389743,"NCOA2","Q15596",16,"3'-5'","sense","frame_2","FNNPRPGQLGRLLPNQNLPLDITLQSPTGAGPFPPIRNSSPYSVIPQPGMMGNQGMIGNQGNLGNSSTX","FNNPRPGQLGRLLPNQNLPLDITLQSPTGAGPFPPIRNSSPYSVIPQPGMMGNQGMIGNQGNLGNSST",69,68,"870-937",9,0,-0.542028985507246,131.338235294118,"False","False","False","['Interaction with ARNTL', 'LXXLL motif 4', 'Breakpoint for translocation to form KAT6A-NCOA2']",28.1,84.3,90,95.325,107.4,28.28,31.395,33.82,36.15,43.47,"['Asymmetric dimethylarginine']","[]",""
"ENSG00000127334",0.011505,0.28125,0.0175129,"DYRK2","Q92630",3,"5'-3'","sense","frame_1","FLRLSLEEGCRCPAGLEGGSG*LSPP*PSFVSSRTWLPGRGGDSAVRQLQASPGLGAGATRSGVGTGPPSPIALPPLRASNAAAAAHT","PSFVSSRTWLPGRGGDSAVRQLQASPGLGAGATRSGVGTGPPSPIALPPLRASNAAAAAHT",88,61,"6-66",1,2,-0.0863636363636364,125.622950819672,"False","False","False","['Disordered']",63.2,89.2,94.5,98.5,107.8,28.45,33.45,36.08,39.44,49.24,"['Phosphoserine']","[]",""
"ENSG00000147689",0.01099,0.765243902439024,0.0255922,"FAM83A","Q86UY5",7,"5'-3'","sense","frame_1","GLLEGKCWKTCLPPALNP*QLSAPLPSPLSN*RSQQRSLKPFPHKTDX","PPALNP*QLSAPLPSPLSN*RSQQRSLKPFPH",48,32,"366-390",2,2,-0.633333333333333,148.16,"False","False","False","['Disordered']",84.7,87.4,93.3,96.4,104.3,31.36,34.07,35.78,37.94,54.99,"[]","[]",""
"ENSG00000113742",0.00877250000000002,0.232044198895028,0.0435497,"CPEB4","Q17RY0",6,"5'-3'","sense","frame_3","RLNYSYPGSDSSLLINX","RLNYSYPGSDSSLLIN",17,16,"404-419",2,0,-0.405882352941177,149.75,"False","False","False","[]",79.8,87.25,91.05,98.1,106.6,29.19,32.8575,33.98,35.61,38.62,"[]","[]",""
"ENSG00000080546",0.00874250000000004,0.729681978798587,0.0145085,"SESN1","Q9Y6P5",4,"3'-5'","sense","frame_1","RPC*LRRCSQEPRPAAQRSPPPRVRSRPRADMRLAAAANEAYTAPLAVSGLLGCKQCGGGRDQDE","MRLAAAANEAYTAPLAVSGLLGCKQCGGGRDQDE",65,34,"1-34",1,4,-0.84,118.647058823529,"False","False","False","[]",14.5,68.7,80.3,93.225,129.5,27.29,31.15,34.69,37.6025,48.15,"[]","[]",""
"ENSG00000167632",0.0087075,0.062200956937799,0.0102657,"TRAPPC9","Q96Q05",6,"3'-5'","sense","frame_2","AQEVLIDPX","AQEVLIDP",9,8,"288-295",0,0,0.244444444444444,130.875,"False","False","False","[]",66.5,77.975,81.15,88.725,101.1,25.54,27.2275,30.13,33.395,37.69,"[]","[]",""
"ENSG00000179262",0.00867499999999999,0.719402985074627,0.0394892,"RAD23A","P54725",6,"5'-3'","sense","frame_1","GIPGSPEPEHGSVQESQVSEQPATEAX","GIPGSPEPEHGSVQESQVSEQPATEA",27,26,"201-226",0,0,-0.97037037037037,119.461538461538,"False","False","False","['UBA 1', 'Disordered']",12.5,80.875,90.6,93.525,103,32.16,36.23,38.555,47.06,80.9,"['Phosphoserine']","[]",""
"ENSG00000163239",0.0081025,0.185267857142857,0.00316877,"TDRD10","Q5VZ19",9,"5'-3'","sense","frame_3","IIQLAPKAPVDLCETEKLRAAFFAVPLEMX","IIQLAPKAPVDLCETEKLRAAFFAVPLEM",30,29,"139-167",0,1,0.543333333333333,94.1724137931034,"True","False","False","[]",0,15.7,68.9,86.7,94.6,28.59,35.42,45.5,81.53,90.86,"[]","[]",""
"ENSG00000182022",0.0078975,0.71244635193133,0.00880471,"CHST15","Q7LFX5",2,"5'-3'","sense","frame_2","ARLRAASLGSPHQGRPETPPPPGSAGNSRVTPPPETRRGAGRGX","GSPHQGRPETPPPPG",44,15,"25-39",1,0,-1.14545454545455,123.466666666667,"False","False","False","[]",53.1,78.2,89,95.75,109.8,27.8,31.715,33.76,37.46,40.43,"[]","['Cytoplasmic']",""
"ENSG00000151892",0.007895,0.63903743315508,0.0246961,"GFRA1","P56159",7,"3'-5'","sense","frame_2","VFQQX","VFQQ",5,4,"141-144",0,0,0,152.25,"False","False","True","[]",77,77.15,78.5,84.575,98.9,37,40.735,42.495,43.49,44.93,"[]","[]",""
"ENSG00000140464",0.007745,0.833333333333333,0.0239164,"PML","P29590",5,"5'-3'","sense","frame_1","PEEAERVKAQVQALGLAEAQPMAVVQSVPGAHPVPVYAFSIKGPSYGE","PEEAERVKAQVQALGLAEAQPMAVVQSVPGAHPVPVYAFSIKGPSYGE",48,48,"419-466",0,0,-0.0541666666666667,141.895833333333,"False","False","False","['Interaction with PER2']",73.2,84.05,94.4,97.95,107.3,26.48,31.33,33.35,35.9625,41.48,"['Glycyl lysine isopeptide (Lys-Gly) (interchain with G-Cter in SUMO2)']","[]",""
"ENSG00000148187",0.00769,0.455882352941176,0.0151282,"MRRF","Q96E11",4,"5'-3'","sense","frame_1","QALYLDLLLRSAFCLILFSGCFQGLSSVMALGLKCFRMVHPTFRNYLAASIRPVSEVTLKTVHERQHGHRQYMAYSAVPVRHFATKKAKX","MALGLKCFRMVHPTFRNYLAASIRPVSEVTLKTVHERQHGHRQYMAYSAVPVRHFATKKAK",90,61,"1-61",1,3,0.168888888888889,153.27868852459,"False","False","False","[]",71.1,84.1,90.4,95,130.9,28.34,34.44,38.14,49.59,71.9,"[]","[]",""
"ENSG00000182568",0.0073,0.712357954545455,0.0214112,"SATB1","Q01826",19,"3'-5'","sense","frame_1","SPSPTTLGKGESRGVFLPGLPTPAPWLGAAPQ","PSPTTLGKGESRGVFLPGLPTPAPWLGAAP",32,30,"283-311",0,0,-0.2,129.241379310345,"False","False","False","['Disordered']",59.5,84.7,88.3,91.5,99.8,30.47,37.16,38.57,41.33,54.04,"[]","[]",""
"ENSG00000124215",0.00694499999999998,0.381294964028777,0.00791194,"CDH26","Q8IXH8",17,"5'-3'","sense","frame_1","DLEEVPPSAASQSAQARCALGSW","DLEEVPPSAASQSAQARCALGSW",23,23,"700-722",0,1,-0.278260869565217,135.391304347826,"False","False","False","[]",69.1,83.4,91.1,98.45,104.5,26.24,29.375,31.16,34.58,44.97,"[]","['Cytoplasmic']",""
"ENSG00000135905",0.00671249999999998,0.455026455026455,0.019324,"DOCK10","Q96BY6",51,"3'-5'","sense","frame_2","YWKVEKICTASLLSEDTHPCDSNSLLTTPSGGX","YWKVEKICTASLLSEDTHPCDSNSLLTTPSGG",33,32,"1739-1770",1,2,-0.327272727272727,124.125,"False","False","True","['DOCKER']",24.3,78.2,87.4,92.8,111.2,27.82,30.5525,32.17,38.435,61.1,"[]","[]",""
"ENSG00000104131",0.00618999999999997,0.942553191489362,0.00144112,"EIF3J","O75822",3,"5'-3'","sense","frame_1","DNWDDDDDEKKEEAEVKPX","DNWDDDDDEKKEEAEVKP",19,18,"50-67",1,0,-2.45789473684211,158.944444444444,"False","False","False","['Disordered', 'Sufficient for interaction with EIF3B']",63.3,85.575,95.3,97.675,105.2,27.89,32.36,36.605,47.86,66.43,"[]","[]",""
"ENSG00000151748",0.006105,0.448979591836735,0.0479523,"SAV1","Q9H4B6",2,"3'-5'","antisense","frame_2","KSSDVGRRPDSLRRGLKRVERRVSSLWALQTFVLRVELRX","PDSLRRGLKRVERRVSSLWALQTFVLRV",40,28,"96-120",0,0,-0.635,147.72,"False","False","False","[]",73.9,85.6,91.3,98.1,104.2,27.43,34.95,38.2,39.29,43.66,"[]","[]",""
"ENSG00000135472",0.00528499999999998,0.856459330143541,0.0100192,"FAIM2","Q9BWQ8",5,"3'-5'","antisense","frame_1","EVTGRSSSATPLRSPQTRVP*TSPSTSGTTDEGY","SATPLRSPQTRVP*TSPSTSGTTDEGY",34,27,"57-80",0,0,-0.967647058823529,120,"False","False","False","[]",30.8,75.75,83.2,90.9,103.3,35.29,40.77,42.74,46.6725,51.05,"[]","[]",""
"ENSG00000180304",0.00523000000000001,0.900990099009901,0.0277266,"OAZ2","O95190",5,"3'-5'","sense","frame_2","SILPLSNCPQLQCCRHIVPGPLWCS*CPSPTVEDPRWARGRQGSFSLSSNI*X","SILPLSNCPQLQCCRHIVPGPLWCS*CPSPTVEDPRWARGRQGSFSLSSN",53,50,"8-57",2,5,-0.169811320754717,129.62,"False","False","False","[]",37.6,82.55,87.95,94.2,105.2,33.3,40.595,49.285,54.955,94.75,"[]","[]",""
"ENSG00000134186",0.00522499999999999,0.685540069686411,0.0371507,"PRPF38B","Q5VTL8",2,"5'-3'","antisense","frame_3","EMDAGTRRGSERRSDSVX","TRRGSERRSDSV",18,12,"471-482",0,0,-1.55555555555556,137.333333333333,"False","False","False","['Disordered']",78.9,85.95,92.5,98.625,101.4,34.43,37.3625,41.57,43.525,45.03,"['Phosphoserine', 'Phosphoserine', 'Phosphoserine']","[]",""
"ENSG00000108588",0.004975,0.373922413793103,0.000631925,"CCDC47","Q96A33",6,"3'-5'","sense","frame_1","EGDTESEPYDDEEFEGYEDKPDTSSSKNKDPITIVD","EGDTESEPYDDEEFEGYEDKPDTSSSKNKDPITIVD",36,36,"89-124",1,0,-1.71388888888889,147.972222222222,"False","False","False","['Disordered']",75.7,86.625,90.1,94.55,106.1,37.39,45.5075,48.69,56.46,62.21,"[]","[]",""
"ENSG00000010244",0.00438500000000003,0.611015490533563,0.0435946,"ZNF207","O43670",11,"5'-3'","sense","frame_1","MGTPVTSSSTASSNSESLSASSKALFPSTAQ","MGTPVTSSSTASSNSESLSASSKALFPSTAQ",31,31,"261-291",1,0,-0.190322580645161,126.967741935484,"False","False","False","['Disordered']",72.9,85.1,91.2,97,101.2,33.48,38.065,40.36,42.715,47.96,"[]","[]",""
"ENSG00000078018",0.003175,0.516346153846154,0.0225998,"MAP2","P11137",2,"5'-3'","antisense","frame_2","N*GRSSIFYET*SSYFX","GRSSIFYE",17,8,"891-898",1,0,-0.488235294117647,133.75,"False","False","False","[]",76.2,86.25,88.95,91.075,95.2,29.84,30.845,32.405,35.81,38.84,"[]","[]",""
"ENSG00000105697",0.00241999999999998,0.907284768211921,0.0244852,"HAMP","P81172",3,"5'-3'","sense","frame_1","TGQLAELQPQDRAGARASWM","TGQLAELQPQDRAGARASWM",20,20,"31-50",0,0,-0.73,120.7,"False","False","False","[]",45.9,66.675,71,84.475,106.8,31.74,36.2775,40.275,42.87,44.8,"[]","[]",""
"ENSG00000135373",0.00219999999999998,0.844758064516129,0.0481323,"EHF","Q9NZC4",13,"5'-3'","sense","frame_3","LLDSKTFCRAQISMTTTSHLPVX","LLDSKTFCRAQISMTTTSHLPV",23,22,"160-181",0,1,0.160869565217391,141,"False","False","False","[]",73,83.4,88.45,92.55,105.1,35.45,39.805,45.285,48.16,51.81,"[]","[]",""
"ENSG00000079435",0.00215750000000003,0.933620689655172,0.0267201,"LIPE","Q05469",4,"3'-5'","sense","frame_3","GLLPQAATGTSHRPAVPAQGSSEDA*EG","QAATGTSHRPAVPAQGSSEDA*E",28,23,"160-182",0,0,-0.521428571428571,141.391304347826,"False","False","False","['Disordered']",77.1,87.6,91.3,94.8,102.9,27.11,32.345,33.98,35.775,37.44,"[]","[]",""
"ENSG00000169679",0.001995,0.370748299319728,0.0371969,"BUB1","O43683",22,"3'-5'","antisense","frame_1","KVIKNGHKIL*NTNQ*YR*IGEDLTLSKSLQGTKTTGTVKVSHDQSIQHLTGSLTQTNYVKNTNETSIT*NPPSGVSTSTSSKNKQEISVPERQRVRPNDTVPLSSEVETGGPG","QTNYVKNTNETSIT*NPPSGVSTSTSSKNKQEISVPERQRVRPNDTV",114,47,"428-462",9,0,-0.850877192982456,130.742857142857,"False","False","False","['Essential for loading of BUBR1, MAD1L1 and MAD2L1 to kinetochores']",64.4,81.45,89.2,92.55,105.4,27.6,30.84,33.47,35.84,46.14,"[]","[]",""
"ENSG00000072609",0.0015175,0.581983805668016,0.0112435,"CHFR","Q96EP1",12,"5'-3'","sense","frame_3","VITILWEAKVGGSLDPRSFRPAWATQQGTIX","GGSLDPRSFRPAWATQQ",31,17,"210-226",0,0,0.0290322580645161,121.882352941176,"False","False","False","['Disordered']",82.9,87.3,92.4,100.2,108.7,29.71,34.31,36.44,40.75,44.21,"[]","[]",""
"ENSG00000167702",0.00117,0.27970297029703,0.04468,"KIFC2","Q96AC6",13,"5'-3'","antisense","frame_1","G*P*PVVVRKLVVVPTENTGLPATIVPPDSRD","TENTGLPATIVPPDSRD",32,17,"53-69",1,0,0.096875,125.764705882353,"False","False","True","[]",71.5,80.9,88.2,97.3,103,26.19,28.37,29.42,30.9,36.73,"[]","[]",""
"ENSG00000095203",0.00112000000000001,0.914285714285714,0.0114659,"EPB41L4B","Q9H329",25,"3'-5'","sense","frame_1","IKTFPVDTMNPFPDTFTTGPQFT","IKTFPVDTMNPFPDTFTTGPQFT",23,23,"807-829",1,0,-0.308695652173913,144,"False","False","False","[]",74.1,83.2,88.8,94.35,109,28.6,31.965,35.2,37.66,43.35,"[]","[]",""
"ENSG00000134755",0.000844999999999985,0.465168539325843,0.020856,"DSC2","Q02487",16,"3'-5'","antisense","frame_3","K*QIKN*SHTGDYLX","QIKN*SHTGDYL",15,12,"843-854",1,0,-1.09333333333333,138.833333333333,"False","False","True","[]",49.6,76.075,81.65,86.5,97.4,35.94,40.15,47.42,50.54,54.78,"[]","['Cytoplasmic']",""
"ENSG00000173960",0.000787499999999997,0.736301369863014,0.00792558,"UBXN2A","P68543",4,"5'-3'","sense","frame_3","RRKRMKDVDNLKSIKEEX","MKDVDNLKSIKEE",18,13,"1-13",1,0,-1.83333333333333,157.538461538462,"False","False","False","[]",75.7,82.1,84.9,93.8,121.6,35.34,40.99,42.73,43.89,48.21,"[]","[]",""
"ENSG00000130203",0.000769999999999993,0.64975845410628,0.0298022,"APOE","P02649",2,"5'-3'","sense","frame_2","RERKMEFSMEADLGMGR*EKTRRELNREWVGGGLVNVLGLGCCR*CNKAWKANLG*GRVGAGLGVGGVLTGG*LTVSPSPDWPITGRKMKVLWAALLVTFLAX","MKVLWAALLVTFLA",103,14,"1-14",4,3,-0.0194174757281554,120.142857142857,"False","False","False","[]",53.5,61.85,67.1,71.45,104.8,37.76,41.65,43.655,45.1,47.03,"[]","[]",""
"ENSG00000272398",0.00028,0.820353982300885,0.0232523,"CD24","P25063",4,"5'-3'","sense","frame_1","PRPSPIKELRKARERSG","PSPIKELRKA",17,10,"48-57",0,0,-1.73529411764706,114.5,"False","False","False","['Disordered']",60.6,70.625,81.3,85.875,93.9,39.97,45.99,48.25,51.225,53.31,"['N-linked (GlcNAc...) asparagine']","[]",""
