"GENE.NAME","PROTEIN","ALPHAFOLD.NAME","EXON","READ.FRAME","STRAND","DIRECTION","SEQ","ALIGNED.SEQ","LENGTH","LENGTH.ALIGN","ALIGN.COORDS","ASN..","CYS..","HYDROPATHICITY","MEAN.ACC","HELIX","SHEET","TURN","DOMAIN","MIN","Q1","Q2","Q3","MAX","MIN_pLLDT","Q1_pLLDT","Q2_pLLDT","Q3_pLLDT","MAX_pLLDT","SIGNAL","TOPOLOGY","TRANSMEMBRANE"
"EVPLL","envoplakin like [Source:HGNC Symbol;Acc:HGNC:35236]","A8MZ36",2,"3'-5'","antisense","frame_2","FKLGGVSGRDSGGDAVETDV","GGVSGRDSG",20,9,"128-136",0,0,-0.285,114.444444444444,"False","False","False","['Disordered']",83.2,93.2,98.8,99.6,107.9,28.64,29.94,31.76,32.92,35.4,"[]","[]",""
"TBC1D4","TBC1 domain family member 4 [Source:HGNC Symbol;Acc:HGNC:19165]","O60343",12,"3'-5'","sense","frame_3","QDTASESX","QDTASES",8,7,"734-740",0,0,-1.375,121.142857142857,"False","False","False","['Disordered']",73.6,77.85,84.2,89.7,98.4,34.31,34.62,35.24,36.215,36.59,"[]","[]",""
"CPN1","carboxypeptidase N subunit 1 [Source:HGNC Symbol;Acc:HGNC:2312]","P15169",9,"3'-5'","sense","frame_1","VNFHLKRSIPQVSPVRRAPSRRHGVRAKVQPQARKKEMEMRQLQRGPA*NPQCQATLQKGFAPALRSDQAFFLFYYLGHI*IQTYSEQFRMVSICSRGKPSLGHHEKN*DLLKGDVVAGCGGSHL*S","VNFHLKRSIPQVSPVRRAPSRRHGVRAKVQPQARKKEMEMRQLQRGPA",127,48,"411-458",3,3,-0.568503937007874,147.958333333333,"False","False","False","['Disordered']",0.3,85.575,91.9,97.95,159.6,38.43,42.5125,45.77,51.435,98.78,"[]","[]",""
"FAM118B","family with sequence similarity 118 member B [Source:HGNC Symbol;Acc:HGNC:26110]","Q9BPY3",10,"5'-3'","sense","frame_3","GMVREGQLNGSSAAHSEIRG","GMVREGQLNGSSAAHSEIRG",20,20,"329-348",1,0,-0.61,142.5,"False","False","True","[]",73.7,86.575,96.05,99.075,112,30.89,32.625,35.18,37.51,40.94,"[]","[]",""
"PRAP1","proline rich acidic protein 1 [Source:HGNC Symbol;Acc:HGNC:23304]","Q96NZ9",3,"5'-3'","sense","frame_1","VPIKMQVKHWPSEQDPEX","VPIKMQVKHWPSEQDPE",18,17,"26-42",0,0,-1.12222222222222,147.588235294118,"False","False","False","[]",69.6,78,83.4,93.1,98.2,35.78,43.89,45.8,52.23,54.49,"[]","[]",""
"ZNF619","zinc finger protein 619 [Source:HGNC Symbol;Acc:HGNC:26910]","Q8N2I2",6,"5'-3'","sense","frame_2","VSLLLPRLECNGVIFTHRNLCLPX","RLECNGVIFTHRNLCLP",24,17,"66-82",2,2,0.654166666666667,149.882352941176,"False","False","False","[]",72.6,83.6,87.2,90.7,107.2,19.46,21.93,22.97,24.23,34.98,"[]","[]",""
"ZSCAN20","zinc finger and SCAN domain containing 20 [Source:HGNC Symbol;Acc:HGNC:13093]","P17040",5,"5'-3'","sense","frame_1","EALGPGKHAEKELCKDPPGDDCGNSVCLX","EALGPGKHAEKELCKDPPGDDCGNSVCL",29,28,"228-255",1,3,-0.686206896551724,131.928571428571,"False","False","False","[]",67.2,82.7,87.4,97.425,108.5,28.29,31.73,35.24,37.17,44.65,"[]","[]",""
"ZDBF2","zinc finger DBF-type containing 2 [Source:HGNC Symbol;Acc:HGNC:29313]","Q9HCK1",4,"5'-3'","sense","frame_1","MIPDGSSEIQEVMKNSGK","PDGSSEIQEVMKN",18,13,"2276-2288",1,0,-0.727777777777778,128,"False","False","False","['Disordered']",70.2,85.1,91.5,97.6,105.6,26.04,27.98,28.81,30.67,36.8,"[]","[]",""
"NUFIP1","nuclear FMR1 interacting protein 1 [Source:HGNC Symbol;Acc:HGNC:8057]","Q9UHK0",7,"3'-5'","sense","frame_2","KMKGMSRHSQMAKIRSPGKNHKWKNDNSRQRAVTGSGSHLCDLKLEGPPEANADPLGVLINSDSX","KMKGMSRHSQMAKIRSPGKNHKWKNDNSRQRAVTGSGSHLCDLKLEGPPEANADPLGVLINSDS",65,64,"277-340",5,1,-1.00615384615385,125.734375,"False","False","False","['Disordered']",29.6,70.25,79.25,91.55,109.8,30.79,36.965,43.69,46.845,61.16,"['Phosphoserine', 'Phosphoserine']","[]",""
"SFTPD","surfactant protein D [Source:HGNC Symbol;Acc:HGNC:10803]","P35247",5,"3'-5'","sense","frame_2","PPGPPGVPGPAGREGPLGKQGNIGPQGKPGPKGEAGPKX","PPGPPGVPGPAGREGPLGKQGNIGPQGKPGPKGEAGPK",39,38,"107-144",1,0,-1.12564102564103,126.868421052632,"False","False","False","['Collagen-like', 'Disordered']",66.2,82.675,95.25,99.25,105,30.83,36.155,39.15,43.205,48.52,"[]","[]",""
"PNPLA3","patatin like phospholipase domain containing 3 [Source:HGNC Symbol;Acc:HGNC:18590]","Q9NST1",8,"3'-5'","antisense","frame_3","YYNLYLYRKVPFIFVRKTX","NLYLYRKVP",19,9,"455-463",1,0,-0.0894736842105263,115.888888888889,"True","False","False","[]",39.5,59.7,78.5,89.1,103.5,27.73,30.09,31.97,34.12,36.38,"[]","['Lumenal']",""
"SPDYE16","speedy/RINGO cell cycle regulator family member E16 [Source:HGNC Symbol;Acc:HGNC:51512]","A6NNV3",3,"3'-5'","sense","frame_2","PGVDPSPPHRSFCWKRKREWWDESEESLEEEPRKVLAPEPEEIWVVEMLCGLKMKLKRRRVSLVLPEHHEAFNRLLX","PGVDPSPPHRSFCWKRKREWWDESEESLEEEPRKVLAPEPEEIWVVEMLCGLKMKLKRRRVSLVLPEHHEAFNRLL",77,76,"88-163",1,2,-0.835064935064935,119.842105263158,"False","False","False","[]",0.8,50.7,76.7,89.55,106,22.63,33.025,42.485,62.6675,97.34,"[]","[]",""
"C14orf39","chromosome 14 open reading frame 39 [Source:HGNC Symbol;Acc:HGNC:19849]","Q8N1H7",14,"3'-5'","sense","frame_3","IFNDSAVDNHSKCSHITTITSSQKFMQVX","IFNDSAVDNHSKCSHITTITSSQKFMQV",29,28,"325-352",2,1,-0.262068965517241,145.214285714286,"False","False","False","[]",71.3,84.825,91.85,97.175,104.1,28.19,30.5475,32.705,34.7325,39.57,"[]","[]",""
"UNC13A","unc-13 homolog A [Source:HGNC Symbol;Acc:HGNC:23150]","Q9UPW8",38,"3'-5'","sense","frame_1","GRVKLPSHSD","GRVKLPSHSD",10,10,"1415-1424",0,0,-1.07,145.9,"False","False","False","['MHD2']",73,83.925,88.95,100.35,109.5,29.52,30.695,32.83,34.42,37.06,"[]","[]",""
"DAB1","DAB adaptor protein 1 [Source:HGNC Symbol;Acc:HGNC:2661]","O75553",22,"3'-5'","sense","frame_1","PDGSQASSNSDPFGEPSGEPSGDNISPQAGS*IAQVW","PDGSQASSNSDPFGEPSGEPSGDNISPQAGS",37,31,"558-588",2,0,-0.835135135135135,128.516129032258,"False","False","False","['Disordered']",72.6,87.65,96.1,99.5,140.4,40.99,44.345,48.2,50.675,61.85,"[]","[]",""
"SLC4A1AP","solute carrier family 4 member 1 adaptor protein [Source:HGNC Symbol;Acc:HGNC:13813]","Q9BWU0",13,"5'-3'","sense","frame_3","SKNEYEKSRGELKKKKTPGPGK","SKNEYEKSRGELKKKKTPGPGK",22,22,"736-757",1,0,-2.27272727272727,153.818181818182,"False","False","False","['Disordered']",71,83.725,91.95,98.325,103.5,31.23,33.84,34.67,36.5475,44.91,"[]","[]",""
"COLQ","collagen like tail subunit of asymmetric acetylcholinesterase [Source:HGNC Symbol;Acc:HGNC:2226]","Q9Y215",15,"3'-5'","sense","frame_1","QLIMGPKGERGFPGPPGRCLCGPTMNVNNPSYGESVYGPSSPRVPV","QLIMGPKGERGFPGPPGRCLCGPTMNVNNPSYGESVYGPSSPRVPV",46,46,"273-318",3,2,-0.478260869565217,133.760869565217,"False","False","False","['Collagen-like 2', 'Disordered']",54.4,80.425,90.9,97.25,104.1,33.03,39.655,44.915,51.93,69.76,"['Interchain', 'Interchain']","[]",""
"FOXK1","forkhead box K1 [Source:HGNC Symbol;Acc:HGNC:23480]","P85037",2,"5'-3'","sense","frame_2","CTFRFPSTAIKIQFTSLYHKEEAPASPLRPLYPQISPLKIHIPEPDLRSMVSPVPSPTGTIX","CTFRFPSTAIKIQFTSLYHKEEAPASPLRPLYPQISPLKIHIPEPDLRSMVSPVPSPTGTI",62,61,"188-248",0,1,-0.156451612903226,111.606557377049,"False","True","False","['Required for interaction with FOXO4 and MEF2C']",0,50.6,84.7,90.8,101.8,38.68,44.03,47.26,89.12,97.07,"['Omega-N-methylarginine', 'Phosphoserine', 'Phosphoserine', 'Phosphoserine', 'Phosphoserine', 'Phosphothreonine', 'Phosphothreonine']","[]",""
"HACD2","3-hydroxyacyl-CoA dehydratase 2 [Source:HGNC Symbol;Acc:HGNC:9640]","Q6Y1H2",2,"3'-5'","sense","frame_1","RPDYLRRGARPGRPDSDVERRQHGEWRSCGCRVTIHLGGCFQNLGCALI*K","GARPGRPDSDVERRQHG",51,17,"17-33",1,4,-0.82156862745098,128.588235294118,"False","False","False","['Disordered']",63.9,86.2,96.8,101.6,109,22.49,28.44,34.54,39.64,61.41,"[]","['Cytoplasmic']",""
"MMP23B","matrix metallopeptidase 23B [Source:HGNC Symbol;Acc:HGNC:7171]","O75900",2,"5'-3'","sense","frame_2","PFSAAVFGPGDRHRCLPRTLSSLKGDVAALGLSAVPPTRVPGPLAPRRRRYTLTPARLRWDHFNLTYX","SSLKGDVAALGLSAVPPTRVPGPLAPRRRRYTLTPARLRWDHFNLTY",68,47,"49-95",1,1,-0.314705882352941,96.5106382978723,"False","False","False","['Cleavage; by furin-like protease']",0.3,36.45,76.1,93.15,105.5,25.51,37.63,41.76,58.475,98.7,"['N-linked (GlcNAc...) asparagine']","['Lumenal']",""
"RORA","RAR related orphan receptor A [Source:HGNC Symbol;Acc:HGNC:10258]","P35398",16,"3'-5'","sense","frame_2","VKFGRMSKKQRDSLYAEVQKHRMQQQQRDHQQQPGEAEPLTPTYNISANGLTELHDDLSNYIDGHTPEGSKADSAVSSFYLDIQPSPDQSGLDINGIKPEPICDYTPASGFFPYCSFTNGETSPTVSMAELX","VKFGRMSKKQRDSLYAEVQKHRMQQQQRDHQQQPGEAEPLTPTYNISANGLTELHDDLSNYIDGHTPEGSKADSAVSSFYLDIQPSPDQSGLDINGIKPEPICDYTPASGFFPYCSFTNGETSPTVSMAEL",132,131,"143-273",5,2,-0.814393939393939,126.572519083969,"True","False","False","['NR LBD', 'Disordered']",5.8,72.25,87.1,94.5,111.7,27.96,33.625,38.55,64.7,94.11,"['Phosphothreonine; by MAPK1', 'Glycyl lysine isopeptide (Lys-Gly) (interchain with G-Cter in SUMO)']","[]",""
"LUZP1","leucine zipper protein 1 [Source:HGNC Symbol;Acc:HGNC:14985]","Q86V48",4,"5'-3'","sense","frame_2","*SHLIGRSQNTGTQYSGLFNVP","SHLIGRSQNTGTQ",22,13,"435-446",2,0,-0.477272727272727,124.833333333333,"False","False","False","['Disordered']",71.5,83.7,88.95,93.9,100.5,30.23,34.695,36.305,38.9675,41.61,"['Phosphoserine']","[]",""
"CHRNA1","cholinergic receptor nicotinic alpha 1 subunit [Source:HGNC Symbol;Acc:HGNC:1955]","P02708",7,"3'-5'","sense","frame_1","GDMVDLPRPSCVTLGVPLFSHLQNE","GDMVDLPRPSCVTLGVPLFSHLQNE",25,25,"79-103",1,1,0.076,122.68,"False","False","False","[]",1.5,76.3,87.4,91.7,101.8,30.07,35.69,37.64,41.24,60.82,"[]","['Extracellular']",""
"ZC3H10","zinc finger CCCH-type containing 10 [Source:HGNC Symbol;Acc:HGNC:25893]","Q96K80",4,"5'-3'","sense","frame_2","GHQEWQDKENPELGGTRMPDRDSYANGTGSSGGGPGGGGSEEASGAGVGSGGASSDAICX","MPDRDSYANGTGSSGGGPGGGGSEEASGAGVGSGGASSDAIC",60,42,"1-42",2,1,-0.955,106.238095238095,"False","False","False","['C3H1-type 1', 'Disordered']",0.4,84.2,93.85,102.1,108.2,37.05,43.8925,48.005,52.3825,86.94,"[]","[]",""
"SHISA7","shisa family member 7 [Source:HGNC Symbol;Acc:HGNC:35409]","A6NL88",3,"3'-5'","antisense","frame_2","VTPPHHEPRQLQLHVHX","PPHHEPRQLQ",17,10,"520-529",0,0,-1.01764705882353,146.7,"False","False","False","[]",78.9,81.5,85.25,89.9,95.3,36.22,41.53,42.225,44.6725,49.94,"[]","['Cytoplasmic']",""
"ZNF627","zinc finger protein 627 [Source:HGNC Symbol;Acc:HGNC:30570]","Q7L945",7,"5'-3'","sense","frame_3","HQELEKIIHQVEERLANPVSGGASYPEAA*VSVPSITLHQGGG*IGSQDSQ","IHQVEERLANPVSGG",51,15,"63-77",1,0,-0.403921568627451,137.8,"False","False","False","['KRAB']",71.5,79.7,86.6,99.15,102.6,23.07,24.675,26.03,28.06,30.54,"[]","[]",""
"ZBTB20","zinc finger and BTB domain containing 20 [Source:HGNC Symbol;Acc:HGNC:13503]","Q9HC78",22,"5'-3'","antisense","frame_2","RPSNCRSGPVGVL*HTTKSQQ*GT*SLVSGX","PSNCRSGPVGVL",31,12,"696-707",1,1,-0.47741935483871,119.5,"False","False","False","[]",71.4,86.525,92.75,99.5,106.5,36.18,38.0175,43.255,45.9975,48.38,"[]","[]",""
"CES3","carboxylesterase 3 [Source:HGNC Symbol;Acc:HGNC:1865]","Q6UWW8",1,"5'-3'","sense","frame_3","SVVLKGRDLIPPSEASVEPVVRRMERAVRVESGVLVGVVCLLLACPATATX","MERAVRVESGVLVGVVCLLLACPATAT",51,27,"1-27",0,2,0.652941176470588,136.333333333333,"False","False","False","[]",79.4,84.75,87,93.05,128.6,33.49,39.105,42.62,45.55,48.74,"[]","[]",""
"DOCK5","dedicator of cytokinesis 5 [Source:HGNC Symbol;Acc:HGNC:23476]","Q9H7D0",53,"5'-3'","sense","frame_3","SPSLQTDGIAATPVPPPPPPKSKPYEGSQRNSTE","SPSLQTDGIAATPVPPPPPPKSKPYEGSQRNSTE",34,34,"1803-1836",1,0,-1.17058823529412,135.176470588235,"False","False","False","['Disordered']",77.9,85.825,89.8,93.875,100.2,23,26.7175,29.14,31.2125,39.11,"['Phosphothreonine', 'Phosphoserine']","[]",""
"FSD1L","fibronectin type III and SPRY domain containing 1 like [Source:HGNC Symbol;Acc:HGNC:13753]","Q9BXM9",14,"5'-3'","sense","frame_2","SGTPSPKRTSVGSRPPAVRGSRDRFTGESYTVLX","SGTPSPKRTSVGSRPPAVRGSRDRFTGESYTVL",34,33,"343-375",0,0,-0.861764705882353,104.121212121212,"False","False","False","['B30.2/SPRY', 'Disordered']",0,49.9,84.8,93.5,101.1,24.32,32.12,37.26,90.49,97.65,"[]","[]",""
"EPS8L3","EPS8 like 3 [Source:HGNC Symbol;Acc:HGNC:21297]","Q8TE67",8,"3'-5'","sense","frame_1","PWSPYTAGLPPSPRPLPRHTSAREPSAFTLPPPRRSSSPEDPERDE","LPPSPRPLPRHTSAREPSAFTLPPPRRSSSPEDPERDE",46,38,"202-239",0,0,-1.36304347826087,122.368421052632,"False","False","False","['Disordered']",10.8,70.1,82.2,89.775,106.4,28.4,34.4675,37.205,41.5825,88,"['Phosphoserine']","[]",""
"PIEZO2","piezo type mechanosensitive ion channel component 2 [Source:HGNC Symbol;Acc:HGNC:26270]","Q9H5I5",11,"3'-5'","sense","frame_1","LLSMTQDDYKPSD","LLSMTQDDYKPSD",13,13,"401-413",0,0,-1.04615384615385,146.846153846154,"True","False","False","[]",75.1,79.9,86.3,98.3,105.8,28.9,32.27,33.95,38.5,41.69,"[]","[]",""
"SLC4A3","solute carrier family 4 member 3 [Source:HGNC Symbol;Acc:HGNC:11029]","P48751",5,"5'-3'","sense","frame_1","FSIGSDEDDSPGLPGRAAVTKPLPSVGPHTDKSPQHSSX","FSIGSDEDDSPGLPGRAAVTKPLPSVGPHTDKSPQHSS",39,38,"166-203",0,0,-0.794871794871795,134.473684210526,"False","False","False","['Disordered']",71.2,86.4,91.25,97.925,107.8,22.02,25.505,27.2,29.68,38.19,"['Phosphoserine', 'Phosphoserine', 'Phosphoserine', 'Phosphoserine']","['Cytoplasmic']",""
"KY","kyphoscoliosis peptidase [Source:HGNC Symbol;Acc:HGNC:26576]","Q8NBH2",3,"3'-5'","sense","frame_2","NLVEKQHPQQPQVITSYNSQX","NLVEKQHPQQPQVITSYNSQ",21,20,"68-87",2,0,-1.2,152.1,"False","False","False","[]",76.9,84.275,92.3,94.55,103.7,22.03,24.43,25.42,26.27,31.82,"[]","[]",""
"C10orf71","chromosome 10 open reading frame 71 [Source:HGNC Symbol;Acc:HGNC:26973]","Q711Q0",1,"3'-5'","sense","frame_2","*IETQPGETKWCSX","IETQPGETKWC",14,11,"623-633",0,1,-0.892857142857143,136.181818181818,"False","False","False","['Disordered']",79,88.85,92.2,100.8,105.6,31.41,33.45,35.24,37.55,42.81,"[]","[]",""
"FCRL3","Fc receptor like 3 [Source:HGNC Symbol;Acc:HGNC:18506]","Q96P31",2,"3'-5'","sense","frame_2","VSSE*QLPALLLGDKSGFW*DRLSQPSARPVPMLLWLLLLILX","MLLWLLLLIL",43,10,"1-10",0,0,0.544186046511628,164.6,"False","False","False","[]",67.9,81.425,86.1,95.425,116.7,29.78,34.9,37.175,40.36,45.62,"[]","[]",""
"CHD5","chromodomain helicase DNA binding protein 5 [Source:HGNC Symbol;Acc:HGNC:16816]","Q8TDI0",42,"3'-5'","sense","frame_2","GAFGSSQMYSNNFGPNFRGPGPGGIVNYNQMPLGPYVTX","GAFGSSQMYSNNFGPNFRGPGPGGIVNYNQMPLGPYVT",39,38,"1915-1952",5,0,-0.423076923076923,118.289473684211,"False","False","False","[]",42.3,73.525,80.85,89.775,105.1,26.74,28.9675,30.01,31.745,36.48,"[]","[]",""
"CD6","CD6 molecule [Source:HGNC Symbol;Acc:HGNC:1691]","P30203",12,"5'-3'","sense","frame_3","LPVMVNHQHLPTTIPAGSNSYQPVPITIPKEX","LPVMVNHQHLPTTIPAGSNSYQPVPITIPKE",32,31,"432-462",2,0,-0.16875,139.225806451613,"False","False","False","[]",72.4,83.9,87.8,91.95,113,31.73,36.125,37.09,39.82,45.55,"[]","['Cytoplasmic']",""
"AMZ1","archaelysin family metallopeptidase 1 [Source:HGNC Symbol;Acc:HGNC:22231]","Q400G9",8,"5'-3'","sense","frame_3","VGVCSFARFSGEFPKSGPSAPDLALVEAAADGPEAPLQDRGWALCFSALGMVQCCK","VGVCSFARFSGEFPKSGPSAPDLALVEAAADGPEAPLQDRGWALCFSALGMVQCCK",56,56,"202-257",0,4,0.267857142857143,77.2678571428571,"False","True","False","[]",0,14.025,57.25,89.825,113.2,25,30.2575,43.235,90.1875,98.64,"[]","[]",""
"TMED8","transmembrane p24 trafficking protein family member 8 [Source:HGNC Symbol;Acc:HGNC:18633]","Q6PL24",3,"3'-5'","sense","frame_1","PQMVSPVSKDATEDLRKATGPLEAQALVKQDLLPADQAQVLNE","PQMVSPVSKDATEDLRKATGPLEAQALVKQDLLPADQAQVLNE",43,43,"67-109",1,0,-0.446511627906977,141.627906976744,"False","False","False","['Disordered']",65.7,86.2,90.6,93.35,103.4,31.01,37.23,40.19,42.59,51.55,"[]","[]",""
"ZNF319","zinc finger protein 319 [Source:HGNC Symbol;Acc:HGNC:13644]","Q9P2F9",3,"5'-3'","sense","frame_2","TLWQHEVMPARGRNFQSX","QHEVMPARGRNFQ",18,13,"93-105",1,0,-0.894444444444444,116.076923076923,"True","False","False","['C2H2-type 1', 'C2H2-type 2; degenerate']",31.6,46.7,76.6,87.8,99.1,31.89,37.38,45.93,53.54,64.07,"[]","[]",""
"MSRB2","methionine sulfoxide reductase B2 [Source:HGNC Symbol;Acc:HGNC:17061]","Q9Y3D2",4,"5'-3'","sense","frame_2","SLLDIQKEVFSIKGSRSPSTSRGNGFDSEX","GSRSPSTSRGNG",30,12,"26-37",1,0,-0.683333333333333,101.916666666667,"False","False","False","[]",85.5,93.4,98.65,105.025,106.8,31.27,35.3175,38.83,42.6,47.43,"[]","[]",""
"TMEM243","transmembrane protein 243 [Source:HGNC Symbol;Acc:HGNC:21707]","Q9BU79",2,"3'-5'","sense","frame_1","LPAAAAQDEEVRGAGAEQSRSPRVSPHPSLAPALPRPLGFGYAGAVRRRLAVVDLRPREVMLSCF*VAWGK*RNPKMEDFATRTYGTSGLDNRPLFGETSAK","MEDFATRTYGTSGLDNRPLFGETSAK",102,26,"1-26",2,1,-0.422549019607843,125.923076923077,"False","False","False","[]",14.9,67.075,77.15,89.05,125.6,38.32,44.5975,46.625,50.1975,60.28,"['N-acetylmethionine']","[]",""
"HMGXB4","HMG-box containing 4 [Source:HGNC Symbol;Acc:HGNC:5003]","Q9UGU5",6,"3'-5'","sense","frame_1","WCITNADCSSMLNPPKYQPSTSLLLHTGLSALRTRTTV","ADCSSMLNPPKYQPSTSLLL",38,20,"490-509",2,2,-0.0973684210526316,132.85,"False","False","False","['Disordered']",73.9,83.625,89.15,92.475,101.2,36,41.0875,41.9,45.2825,49.53,"['Phosphoserine', 'Phosphoserine']","[]",""
"RGS20","regulator of G protein signaling 20 [Source:HGNC Symbol;Acc:HGNC:14600]","O76081",6,"5'-3'","sense","frame_1","QMGSERMEMRKRQMPAAQDTPGAAPGQPGAGSRGSNACCFCWCCCCSCSX","QMGSERMEMRKRQMPAAQDTPGAAPGQPGAGSRGSNACCFCWCCCCSCS",50,49,"171-219",1,8,-0.462,131.34693877551,"False","False","False","['Disordered']",28.2,82.9,92.7,98,111,31.17,37.32,42.21,52.1,63.6,"[]","[]",""
"IRF8","interferon regulatory factor 8 [Source:HGNC Symbol;Acc:HGNC:5358]","Q02556",6,"5'-3'","sense","frame_1","PSVDDYMGMIKRSPSPPEACRSQLLPDWWAQQPSTX","PSVDDYMGMIKRSPSPPEACRSQLLPDWWAQQPST",36,35,"150-184",0,1,-0.805555555555556,137,"False","False","False","[]",31,79.9,87.2,93.95,105.8,27.21,32.8,35.37,38.34,52.9,"[]","[]",""
"ST6GAL2","ST6 beta-galactoside alpha-2,6-sialyltransferase 2 [Source:HGNC Symbol;Acc:HGNC:10861]","Q96JF0",8,"3'-5'","antisense","frame_2","KFVILTIQRIYRSKKKKKLYLRVRQQVRPHVSALEPSDVRDYTG*KCLLX","RIYRSKKKKKLYLRVRQQVRPHVSALEPSDVRD",50,33,"167-193",0,1,-0.508,182.407407407407,"False","False","False","[]",79.4,91.25,96.1,98.9,108.8,27.6,30.135,32.2,34.41,36.39,"[]","['Lumenal']",""
"ILDR1","immunoglobulin like domain containing receptor 1 [Source:HGNC Symbol;Acc:HGNC:28741]","Q86SU0",6,"3'-5'","sense","frame_2","LARHRYMKQAQALGPQMMGKPLYWGADRSSQVSSYPMHPLLQRX","LARHRYMKQAQALGPQMMGKPLYWGADRSSQVSSYPMHPLLQR",44,43,"217-259",0,0,-0.7,135.744186046512,"True","False","False","[]",27.8,70.45,81.7,91.7,103.5,35.31,39.475,45.87,64.22,78.07,"[]","['Cytoplasmic']",""
"FAM160A1","family with sequence similarity 160 member A1 [Source:HGNC Symbol;Acc:HGNC:34237]","Q05DH4",3,"3'-5'","antisense","frame_3","LCEPTTSCKNFSTLELQTDTYKAILTDLPIAVSSTX","LELQTDTYKAILTDLP",36,16,"804-819",1,2,0.0611111111111111,152.5,"False","False","False","['Disordered']",69.1,86.9,91.1,97.95,105.8,25.76,28.5675,30.665,33.6775,36.54,"[]","[]",""
"PTPRG","protein tyrosine phosphatase receptor type G [Source:HGNC Symbol;Acc:HGNC:9671]","P23470",16,"5'-3'","sense","frame_2","GCNKIKSKGFPRRFREVPSSGERGEKGSX","GCNKIKSKGFPRRFREVPSSGERGEKGS",29,28,"764-791",1,1,-1.35172413793103,139.678571428571,"True","False","False","[]",37,80.075,88.3,91.225,104.8,29.83,32.26,33.685,37.0275,59.63,"[]","['Cytoplasmic']",""
"COL1A2","collagen type I alpha 2 chain [Source:HGNC Symbol;Acc:HGNC:2198]","P08123",33,"5'-3'","sense","frame_1","GEPGVVGAVGTAGPSGPSGLPGERGAAGIPGGKGEK","GEPGVVGAVGTAGPSGPSGLPGERGAAGIPGGKGEK",36,36,"622-657",0,0,-0.283333333333333,115.388888888889,"False","False","False","['Disordered']",68.7,83.375,91.5,97.225,107.6,30.26,35.9975,39.305,42.13,55.73,"[]","[]",""
"GOLGA6L10","golgin A6 family like 10 [Source:HGNC Symbol;Acc:HGNC:37228]","A6NI86",3,"3'-5'","sense","frame_1","SATGIYGEGRASSTTLQDLE","SATGIYGEGRASSTTLQDLE",20,20,"69-88",0,0,-0.49,117.6,"False","False","False","['Disordered']",50.8,63.75,75.35,93.225,105.6,34.73,40.0075,45.41,72.12,86.48,"[]","[]",""
"BAG4","BAG cochaperone 4 [Source:HGNC Symbol;Acc:HGNC:940]","O95429",2,"5'-3'","sense","frame_1","EQPPYPSYNSNYWNSTARSRAPYPSTYPVRPELQGQ","EQPPYPSYNSNYWNSTARSRAPYPSTYPVRPELQGQ",36,36,"91-126",3,0,-1.50833333333333,147.555555555556,"False","False","False","['Disordered', 'Disordered']",67,82.65,90.9,94.025,105.8,38.15,45.5475,48.89,53.755,64.5,"['Omega-N-methylarginine']","[]",""
"KCND3","potassium voltage-gated channel subfamily D member 3 [Source:HGNC Symbol;Acc:HGNC:6239]","Q9UK17",6,"3'-5'","sense","frame_1","GLSYLVDDPLLSVRTSTIK","GLSYLVDDPLLSVRTSTIK",19,19,"488-506",0,0,0.294736842105263,135.421052631579,"True","False","False","[]",68.1,77.6,85.5,90.6,103,30.69,35.245,37.72,40.315,46.8,"[]","['Cytoplasmic']",""
"CSF1R","colony stimulating factor 1 receptor [Source:HGNC Symbol;Acc:HGNC:2433]","P07333",17,"3'-5'","sense","frame_3","PVLVITEYCCYGDLLNFLRRKAEAMLGPSLSPGQDPEGGVDYKNIHLEKKYVRX","PVLVITEYCCYGDLLNFLRRKAEAMLGPSLSPGQDPEGGVDYKNIHLEKKYVR",54,53,"658-710",2,2,-0.324074074074074,82.1320754716981,"False","False","False","['Protein kinase']",0,8.9,57.3,90.4,105.8,26.83,31.96,42.89,86.74,93.18,"['Phosphotyrosine; by autocatalysis', 'Phosphotyrosine; by autocatalysis']","['Cytoplasmic']",""
"MAGI3","membrane associated guanylate kinase, WW and PDZ domain containing 3 [Source:HGNC Symbol;Acc:HGNC:29647]","Q5TCQ9",23,"3'-5'","sense","frame_1","*AVKFNVKRRLKSAEDRNRCI**HHF*FKRKQKKKVIYKTCKFTKSF*GKTKKSPESLNVARVSRRSTDRKEPN","KQKKKVIYKTCKFTKSF*GKTKKSPESLNVARVSRRSTDRKEPN",74,44,"1331-1372",4,2,-1.22837837837838,147.857142857143,"False","False","False","['Disordered']",64.5,77.1,85.35,89.325,96.2,27.02,31.38,33.285,34.8325,39.68,"[]","[]",""
"VANGL1","VANGL planar cell polarity protein 1 [Source:HGNC Symbol;Acc:HGNC:15512]","Q8TAA9",4,"5'-3'","sense","frame_2","ERTRERHKSPRNKDGRGSEKSVTIQPPTGEPLLGNDSTRTEEVQ","ERTRERHKSPRNKDGRGSEKSVTIQPPTGEPLLGNDSTRTEEVQ",44,44,"25-68",2,0,-1.775,155.363636363636,"False","False","False","['Disordered']",76.5,87.75,94.45,98.55,107,24.93,29.1225,31.785,34.06,39.08,"[]","['Cytoplasmic']",""
"CUX2","cut like homeobox 2 [Source:HGNC Symbol;Acc:HGNC:19347]","O14529",22,"5'-3'","sense","frame_3","SPTEPRSSPSPPPSPTEPEKSSQEPLSLSLESSKENQQPEGRSSSSLSGKMYSGSQAPGGIQEIVAMSPELDTYSITKRVKEVLTDNNLX","SPTEPRSSPSPPPSPTEPEKSSQEPLSLSLESSKENQQPEGRSSSSLSGKMYSGSQAPGGIQEIVAMSPELDTYSITKRVKEVLTDNNL",90,89,"977-1065",3,0,-0.957777777777778,108.943820224719,"False","False","False","['CUT 3', 'Disordered']",0,57.2,80.4,91,106.4,24.36,30.27,34.35,69.82,96.01,"[]","[]",""
"TRAPPC14","trafficking protein particle complex 14 [Source:HGNC Symbol;Acc:HGNC:25604]","Q8WVR3",9,"3'-5'","sense","frame_3","LSQHMKLKLQFTASVSHPPPEARPLSRKSSPSSPAVRDLVERHQASLGRSQSFSHQQPSRSHLMX","LSQHMKLKLQFTASVSHPPPEARPLSRKSSPSSPAVRDLVERHQASLGRSQSFSHQQPSRSHLM",65,64,"466-529",0,0,-0.829230769230769,107.84375,"False","False","True","['Disordered']",0,47.35,79.8,90.225,105.7,24.63,28.3525,33.41,48.9925,87.2,"['Phosphoserine', 'Phosphoserine']","[]",""
"ZMYM6","zinc finger MYM-type containing 6 [Source:HGNC Symbol;Acc:HGNC:13050]","O95789",3,"5'-3'","sense","frame_1","LFQGLRVRGGGHQAPQSPASQSPS","GGGHQAPQSPAS",24,12,"389-400",0,0,-0.733333333333333,108.583333333333,"False","False","False","['MYM-type 5']",80.7,83.725,90.6,98.55,107.2,29.38,32.93,34.195,35.99,40.08,"['Phosphoserine']","[]",""
"SLC17A1","solute carrier family 17 member 1 [Source:HGNC Symbol;Acc:HGNC:10929]","Q14916",2,"3'-5'","sense","frame_2","GGGKTLQQEEKQLQPCMQMDNRLPPKKX","MQMDNRLPPKK",28,11,"1-11",1,1,-1.45,162.636363636364,"False","False","False","[]",45.1,79.45,89.7,96.95,127.6,30.26,32.865,35.99,48.325,56.46,"[]","[]",""
"SETD2","SET domain containing 2, histone lysine methyltransferase [Source:HGNC Symbol;Acc:HGNC:18420]","Q9BYW2",15,"5'-3'","antisense","frame_3","RVPSFLEQL*WSTGTQRKRVEVKVEARLLFALGSHVRHFFVLLPTLQPTTYFLYYPLFSCLHQLSDRGRNKTTQVTAVTYSKALLGMRTALS*X","YFLYYPLFSCLHQLSDRGRNKTTQVTAVTYSKALLGMRTALS",94,42,"377-418",1,1,-0.0223404255319149,135.97619047619,"False","False","False","['Disordered']",29.6,68.575,80.25,86.15,99.1,22.79,26.96,28.87,31.245,40.11,"[]","[]",""
"NPAT","nuclear protein, coactivator of histone transcription [Source:HGNC Symbol;Acc:HGNC:7896]","Q14207",8,"3'-5'","sense","frame_1","ESQRKSTTLSGPHSTIRNFQDPNAFAVEK","ESQRKSTTLSGPHSTIRNFQDPNAFAVEK",29,29,"214-242",2,0,-1.09310344827586,131.275862068966,"False","False","False","['Interaction with MIZF', 'Disordered']",35.4,70.3,85.6,91.2,104.9,33.41,36.77,39.38,57.51,79.12,"[]","[]",""
"COL11A2","collagen type XI alpha 2 chain [Source:HGNC Symbol;Acc:HGNC:2187]","P13942",63,"3'-5'","sense","frame_1","GPGGPKGEKGVQGPPGHP","GPGGPKGEKGVQGPPGHP",18,18,"1477-1494",0,0,-1.36666666666667,115.722222222222,"False","False","False","['Collagen-like 8', 'Disordered', 'Triple-helical region']",37.1,81.825,91.4,97.55,106.9,36.45,38.935,42.075,48.1025,51.98,"[]","[]",""
"FBXO5","F-box protein 5 [Source:HGNC Symbol;Acc:HGNC:13584]","Q9UKT4",3,"3'-5'","sense","frame_2","CSAAPGAVPPPEADSTSAGMSRRPCSCALRPPRCSCSASPSAVTAAGRPRPSDX","MSRRPCSCALRPPRCSCSASPSAVTAAGRPRPSD",54,34,"1-34",0,5,-0.361111111111111,137.441176470588,"False","False","False","[]",72.5,86.875,92.3,96.225,126.2,37.99,40.995,43.515,45.9075,56.52,"[]","[]",""
"REM2","RRAD and GEM like GTPase 2 [Source:HGNC Symbol;Acc:HGNC:20248]","Q8IYK8",1,"5'-3'","sense","frame_1","MCVCRGGGWYLKGKADSAAE*GRGCCELLGCTRTRTRTRTLMHTDLDTDMDMDTETTALCPSGSRRASPPGTPTPX","MHTDLDTDMDMDTETTALCPSGSRRASPPGTPTP",76,34,"1-34",0,6,-0.596052631578947,142.647058823529,"False","False","False","['Disordered']",73.9,88.725,92.95,97.5,123.9,42.77,46.5075,49.515,52.19,68.66,"['Phosphoserine']","[]",""
"MPHOSPH8","M-phase phosphoprotein 8 [Source:HGNC Symbol;Acc:HGNC:29810]","Q99549",8,"5'-3'","antisense","frame_3","LCHNDTVGSDQSLRTRVRKEDGVGVHLP*CPRTVVRVESKNIEEKQNT*FX","KEDGVGVHLP*CPRTVVRVESKNIEEKQNT",51,30,"276-293",3,2,-0.766666666666667,138.388888888889,"False","False","False","['Disordered']",71.1,79.05,86.3,89.125,106.8,27.49,33.275,35.345,37.215,39.4,"['Phosphoserine']","[]",""
"DEFA4","defensin alpha 4 [Source:HGNC Symbol;Acc:HGNC:2763]","P12838",1,"5'-3'","sense","frame_2","DPQARQGEQRGQTAVLCSRSYVARAAMHTEERTSLFKX","QARQGEQRGQ",38,10,"23-32",0,1,-0.88421052631579,137.8,"False","False","False","[]",79.8,89.425,92.3,95.3,103.2,30.83,34.57,35.98,37.3625,40.42,"[]","[]",""
"GP6","glycoprotein VI platelet [Source:HGNC Symbol;Acc:HGNC:14388]","Q9HCN6",7,"3'-5'","sense","frame_2","FSEATAELTVSFTNEVFTTX","FSEATAELTVSFTNEVFTT",20,19,"223-241",1,0,0.255,135.210526315789,"False","False","False","[]",64.4,84.3,87.9,91.2,101.9,27.7,31.465,33.91,35.345,38.32,"[]","['Extracellular']",""
"RLN2","relaxin 2 [Source:HGNC Symbol;Acc:HGNC:10027]","P04090",2,"5'-3'","sense","frame_2","ERAPRNSRVKQLPVLSAFPPSGEIPSETV*IKSX","ERAPRNSRVKQLPVLSAFPPSGEIPSETV",34,29,"60-84",1,0,-0.479411764705882,145.28,"False","False","False","[]",72.1,84.3,89.7,92.9,110,33.05,38.69,40.45,42.85,48.81,"['Interchain (between B and A chains)', 'Interchain (between B and A chains)']","[]",""
"ZNF629","zinc finger protein 629 [Source:HGNC Symbol;Acc:HGNC:29008]","Q9UEG4",2,"3'-5'","sense","frame_2","GPWNTAVLSSGMEPETALWGPDLQGPEQSPNDAHRX","MEPETALWGPDLQGPEQSPNDAHR",36,24,"1-24",2,0,-0.875,149.791666666667,"False","False","False","['Disordered']",78.7,85.575,90.35,96.875,128.6,21.71,26.3775,27.805,34.325,44.97,"['Phosphoserine']","[]",""
"KCNQ5","potassium voltage-gated channel subfamily Q member 5 [Source:HGNC Symbol;Acc:HGNC:6299]","Q9NR82",11,"5'-3'","sense","frame_2","KEQGEASSRFVISLLLHVCL*I*YLPGVLNVSHVSKIDQQIQDD*K*PFTRLPAX","KEQGEASS",55,8,"408-415",1,1,0.0654545454545454,146.125,"False","False","False","['Disordered']",82.5,88.125,96,101.825,107,27.79,30.15,31.705,33.195,34.43,"[]","['Cytoplasmic']",""
"GTF3C1","general transcription factor IIIC subunit 1 [Source:HGNC Symbol;Acc:HGNC:4664]","Q12789",23,"3'-5'","sense","frame_1","NSRLNIWGEARVGSELCAGWEEQFEVDREPSLDRNRRVRGGKSQKRKRLKKDPGKKIKRKKKGYV","NSRLNIWGEARVGSELCAGWEEQFEVDREPSLDRNRRVRGGKSQKRKRLKKDPGKKIKRKKKG",65,63,"1172-1234",3,1,-1.52769230769231,122.380952380952,"False","False","False","['Disordered']",10.9,60.2,72.5,87.2,102.4,22.81,30.015,32.23,37.27,52.19,"[]","[]",""
"VSX1","visual system homeobox 1 [Source:HGNC Symbol;Acc:HGNC:12723]","Q9NZR4",6,"5'-3'","sense","frame_2","SFFKGVFPILGSEFLIHLTIGLAGSLHFSAAQCLTL","GLAGSLHF",36,8,"290-297",0,1,1.14166666666667,144.25,"False","False","False","['Disordered']",78.9,86.7,90.25,96.775,100.4,33.54,35.9275,36.5,37.865,43.29,"[]","[]",""
"ARMH4","armadillo like helical domain containing 4 [Source:HGNC Symbol;Acc:HGNC:19846]","Q86TY3",6,"3'-5'","sense","frame_1","TGFHHVAQARLKLLGLRSLPASASQSVGITSVNSCTQPRKYLNSCLKWKLNPKHFATGV*SGLSCLKPFYFLMNVPSKYC*GYNGGNFKLLYLLFYSEWKI*NLVKSFQEIFID**WSLKSHGDEAFNKE","LKLLGLRSLPASASQSVGITSVNSCTQPRKYLNSCLKWKLNPK",130,43,"184-221",8,4,-0.126923076923077,142.710526315789,"False","False","False","['Disordered']",66.7,82.825,89.75,96.65,106.3,30.22,34.0075,36.76,38.7925,47.02,"['N-linked (GlcNAc...) asparagine']","['Extracellular']",""
"MAP1A","microtubule associated protein 1A [Source:HGNC Symbol;Acc:HGNC:6835]","P78559",3,"5'-3'","antisense","frame_2","GPHILLRRVPPPSRPESAVEVPSQTX","PPPSRPESAVEVP",26,13,"997-1009",0,0,-0.530769230769231,108.538461538462,"False","False","False","['Disordered']",59.9,81,86.7,90,100.6,34.19,38.66,45.14,45.92,53.73,"['Phosphoserine']","[]",""
"ANKRD20A2P","ankyrin repeat domain 20 family member A2, pseudogene [Source:HGNC Symbol;Acc:HGNC:31979]","Q5SQ80",16,"5'-3'","sense","frame_1","VKEGNNTNKSEKIQLSENICDSTSSAAAGRLTQQRKIGKTYPQQFPKKLKEEHDX","VKEGNNTNKSEKIQLSENICDSTSSAAAGRLTQQRKIGKTYPQQFPKKLKEEHD",55,54,"385-438",4,1,-1.31090909090909,142.759259259259,"False","False","False","['Disordered', 'COILED']",54.2,80.825,86.6,94.175,105.8,24.54,30.43,32.615,34.6125,52.84,"[]","[]",""
"LMNTD2","lamin tail domain containing 2 [Source:HGNC Symbol;Acc:HGNC:28561]","Q8IXW0",7,"3'-5'","sense","frame_1","VWGEATRSAKKPLRASSSREPVPLLSIRGCATLLLSPKGE","VWGEATRSAKKPLRASSSREPVPLLSIRGCATLLLSPKGE",40,40,"420-459",0,1,-0.2375,105.425,"False","True","False","['LTD']",0,50.15,77.8,88,110,30.17,34.865,38.98,83.445,92.48,"[]","[]",""
"KIR3DL3","killer cell immunoglobulin like receptor, three Ig domains and long cytoplasmic tail 3 [Source:HGNC Symbol;Acc:HGNC:16312]","Q8N743",1,"5'-3'","sense","frame_1","VCTGSTMSLMVVSMACVX","MSLMVVSMACV",18,11,"1-11",0,2,1.60555555555556,144.727272727273,"False","False","False","[]",73.4,84.45,93,96.45,129.6,36.99,41.435,45.63,47.535,53.28,"[]","[]",""
"ANK3","ankyrin 3 [Source:HGNC Symbol;Acc:HGNC:494]","Q12955",28,"3'-5'","sense","frame_2","RKANAPEMLSDGEYISDVEEX","RKANAPEMLSDGEYISDVEE",21,20,"852-871",1,0,-0.942857142857143,154.55,"False","False","False","[]",81.6,88.325,93.3,97.1,109.7,23.09,24.2425,25.86,26.22,28.46,"['Phosphoserine', 'Phosphoserine']","[]",""
"TENM2","teneurin transmembrane protein 2 [Source:HGNC Symbol;Acc:HGNC:29943]","Q9NT68",10,"5'-3'","sense","frame_3","MHLLGLNWQLQPADGHTFNNGIRTGLPGNDDVATMPSGGKX","MHLLGLNWQLQPADGHTFNNGIRTGLPGNDDVATMPSGGK",41,40,"397-436",4,0,-0.482926829268293,133.35,"True","False","False","[]",29.7,82.9,90.25,97.625,111.2,27.13,30.68,33.8,37.2575,79.15,"[]","['Helical', 'Extracellular']","True"
"SLC41A2","solute carrier family 41 member 2 [Source:HGNC Symbol;Acc:HGNC:31045]","Q96JW4",14,"5'-3'","sense","frame_2","SQESSMLCLQ*SRQSFHLLCITGLEPKHTX","SRQSFH",30,6,"90-95",0,2,-0.216666666666667,159.333333333333,"False","False","False","[]",81.8,87,96.35,99.475,102.7,27.48,28.3875,32.255,33.4,34.16,"[]","['Extracellular']",""
"RASSF8","Ras association domain family member 8 [Source:HGNC Symbol;Acc:HGNC:13232]","Q8NHQ8",3,"3'-5'","sense","frame_3","QQAGVSEPVRMR*S*GRTAPHRYSRMIYTGTCKGT*GSYSPG","RTAPHRYSRMIYTGTCKG",42,18,"122-138",0,1,-0.838095238095238,157.705882352941,"False","False","False","[]",73.1,90.9,94.7,98.9,100.1,37.75,38.85,40.99,44.44,48.43,"['Phosphoserine', 'Phosphothreonine']","[]",""
"SATB2","SATB homeobox 2 [Source:HGNC Symbol;Acc:HGNC:21637]","Q9UPW6",4,"3'-5'","sense","frame_1","TGLLPEGVKRLFQPPSLPPSSAVPSPARSGVPLEESFPSPPPPPPPSPHHHHNNHLRTRRRHPDPGP*TLGPGEEGRGRSKEED*ENTAKPSTRNFPPWILYFCSMDRAPVSQVSDRP*A","LLPEGVKRLFQPPSLPPSSAVPSPARSGVPLEESFPSPPPPPPPS",120,45,"574-607",4,1,-1.03166666666667,137.852941176471,"False","False","False","['Disordered']",72.3,84.225,87.8,91.725,100.4,30.76,34.7425,36.725,42.04,62.38,"['Phosphoserine']","[]",""
"TENM3","teneurin transmembrane protein 3 [Source:HGNC Symbol;Acc:HGNC:29944]","Q9P273",2,"3'-5'","sense","frame_2","ALGSPAPPARSPAAAAASARAX","SPAPPARSPA",22,10,"215-224",0,0,0.163636363636364,107.7,"False","False","False","['Teneurin N-terminal', 'Disordered']",74.7,82.825,84.7,86.575,96.5,25.21,27.525,27.88,29.4225,43,"[]","['Cytoplasmic']",""
"CLEC11A","C-type lectin domain containing 11A [Source:HGNC Symbol;Acc:HGNC:10576]","Q9Y240",1,"5'-3'","sense","frame_3","HREAEETNGPDRDEERNRKREAGRIGNLGASDLHTGQGHSAVPRGHPSHPRHPDIWNFGCQESSLMQAAWLLGALVVPQLLGFGHGARGAEREWEGGWGGAQEEEREREALMLK","MQAAWLLGALVVPQLLGFGHGARGAEREWEGGWGGAQEEEREREALMLK",114,49,"1-49",4,1,-1.02017543859649,136.734693877551,"False","False","False","[]",54.4,66.9,86.3,99.3,125.8,32.46,37.49,41.53,69.57,88.57,"[]","[]",""
"TNFRSF8","TNF receptor superfamily member 8 [Source:HGNC Symbol;Acc:HGNC:11923]","P28908",12,"5'-3'","sense","frame_3","LHLCYPVQTSQPKLELVX","LHLCYPVQTSQPKLELV",18,17,"420-436",0,1,0.138888888888889,139.117647058824,"True","False","False","[]",67.1,77.8,82.6,87.1,98.7,35.1,37.74,42.08,50.09,59.85,"[]","['Cytoplasmic']",""
"MACROD2","mono-ADP ribosylhydrolase 2 [Source:HGNC Symbol;Acc:HGNC:16126]","A1Z1Q3",27,"5'-3'","sense","frame_3","EMNSQVDKVNDPTESQQEDQLIX","EMNSQVDKVNDPTESQQEDQL",23,21,"253-272",2,0,-1.35652173913043,144.8,"False","False","False","['Disordered']",70.6,79.65,87.25,92.3,98.8,37.52,41.705,43.84,45.94,50.51,"[]","[]",""
"TMEM9","transmembrane protein 9 [Source:HGNC Symbol;Acc:HGNC:18823]","Q9P0T7",2,"3'-5'","antisense","frame_1","DVRATSAFSGSTGAGEDRR","DVRATSAFSGSTG",19,13,"134-146",0,0,-0.873684210526316,104.923076923077,"True","False","False","[]",32.9,77.3,82.4,94.2,106,28,34.58,44.48,49.56,54.6,"['Phosphoserine', 'Phosphoserine']","['Cytoplasmic']",""
"TOP2A","DNA topoisomerase II alpha [Source:HGNC Symbol;Acc:HGNC:11989]","P11388",30,"3'-5'","sense","frame_2","NENTEGSPQEDGVELEGLKQRLEKKQKREPX","NENTEGSPQEDGVELEGLKQRLEKKQKREP",31,30,"1241-1270",2,0,-1.94838709677419,157.733333333333,"True","False","False","",55.9,88.15,92.7,97.225,104.9,26.22,27.9575,30.065,33.3625,40.07,"","",""
"RBBP8NL","RBBP8 N-terminal like [Source:HGNC Symbol;Acc:HGNC:16144]","Q8NC74",9,"3'-5'","sense","frame_3","SPQRISNQLHGTIAVVRPGSQACPADRGPANGTPPPLPARSSPPSPAYERGLSLDX","SPQRISNQLHGTIAVVRPGSQACPADRGPANGTPPPLPARSSPPSPAYERGLSLD",56,55,"210-264",2,1,-0.6375,122.581818181818,"False","False","False","['Disordered']",44.8,71.4,87.3,93.35,111.5,33.38,40.78,47.82,57.82,68.31,"[]","[]",""
"FOXM1","forkhead box M1 [Source:HGNC Symbol;Acc:HGNC:3818]","Q08050",10,"5'-3'","antisense","frame_2","KTPCPPQTNVLIQEITARRSKTMWVVVEQIKIERNK*X","KTPCPPQTNVLIQEITARRSKTMWVVVEQIKIE",38,33,"396-427",2,1,-0.568421052631579,145.6875,"False","False","False","[]",71.7,82.7,88.9,95.05,103.8,34.61,40.4525,43.855,46.335,55.46,"['Glycyl lysine isopeptide (Lys-Gly) (interchain with G-Cter in SUMO2)']","[]",""
"RIMS1","regulating synaptic membrane exocytosis 1 [Source:HGNC Symbol;Acc:HGNC:17282]","Q86UR5",32,"5'-3'","sense","frame_1","YNIHKDQYRSCDNVSAKSSDSDVSDVSAISRTSSASRLSSTSFMSEQSERPRGRIX","YNIHKDQYRSCDNVSAKSSDSDVSDVSAISRTSSASRLSSTSFMSEQSERPRGRI",56,55,"1322-1376",2,1,-0.942857142857143,127.836363636364,"False","False","False","['Disordered']",35.6,73.8,81,89.95,104,24.62,30.455,32.06,34.955,40.65,"['Phosphoserine', 'Phosphoserine', 'Phosphoserine']","[]",""
"IGSF9B","immunoglobulin superfamily member 9B [Source:HGNC Symbol;Acc:HGNC:32326]","Q9UPX0",20,"3'-5'","sense","frame_1","KLQRDRPAPATSPPERALSKL*","KLQRDRPAPATSPPERALSKL",22,21,"1329-1349",0,0,-1.07727272727273,144.52380952381,"False","False","False","['Disordered']",71.3,82.6,86.5,90.9,137.1,28.63,34.11,36.01,38.13,46.87,"[]","['Cytoplasmic']",""
"ZNF578","zinc finger protein 578 [Source:HGNC Symbol;Acc:HGNC:26449]","Q96N58",4,"5'-3'","sense","frame_3","LISKDSCYMRKQLRRGKERSQAWLFLX","QLRRGKERSQA",27,11,"8-18",0,1,-0.740740740740741,165.090909090909,"False","False","False","[]",89.9,92.65,97.3,102.45,104,33.49,34.915,37.21,39.545,42.9,"[]","[]",""
"FYB2","FYN binding protein 2 [Source:HGNC Symbol;Acc:HGNC:27295]","Q5VWT5",9,"3'-5'","sense","frame_1","AKHEDKKMKEKQPCELKPKNTEKEPYSNHVFK","AKHEDKKMKEKQPCELKPKNTEKEPYSNHVFK",32,32,"378-409",2,1,-1.9875,148.4375,"False","False","False","['Disordered']",62.6,76.925,83.2,91.3,101.9,30.87,38.29,41.465,44.6925,54.68,"[]","[]",""
"BTD","biotinidase [Source:HGNC Symbol;Acc:HGNC:1122]","P43251",2,"5'-3'","sense","frame_2","AHAHIQGGRRAKSX","AHAHIQGGRRAKS",14,13,"2-14",0,0,-1.03571428571429,152.615384615385,"False","False","False","[]",83,93.5,99.1,103.3,106.8,28.2,33.12,33.42,35.04,39.08,"[]","[]",""
"SOHLH1","spermatogenesis and oogenesis specific basic helix-loop-helix 1 [Source:HGNC Symbol;Acc:HGNC:27845]","Q5JUK2",1,"3'-5'","sense","frame_3","GAGLPAEGAVRVGSLRSCEFMASRCSEPYPEVSRIPTVRGCX","MASRCSEPYPEVSRIPTVRGC",42,21,"1-21",0,3,-0.0619047619047619,149.190476190476,"False","False","False","[]",80.3,88.2,91.1,94.4,130.8,37.95,43.14,47.84,51.67,61.06,"[]","[]",""
"DYNAP","dynactin associated protein [Source:HGNC Symbol;Acc:HGNC:26808]","Q8N1N2",3,"5'-3'","sense","frame_1","PITHPNDQEAHSSICWCLPSNDITSDVSPNLTGVCVNPGILAHSRCLQSESCNTQ","PITHPNDQEAHSSICWCLPSNDITSDVSPNLTGVCVNPGILAHSRCLQSESCNTQ",55,55,"46-100",5,5,-0.301818181818182,131.054545454545,"False","False","False","[]",45.1,80.75,87.7,93.7,105.4,37.23,45.45,47.92,51.71,61.07,"[]","['Cytoplasmic']",""
"TGFB1I1","transforming growth factor beta 1 induced transcript 1 [Source:HGNC Symbol;Acc:HGNC:11767]","O43294",2,"3'-5'","sense","frame_3","GDPAP","GDPAP",5,5,"191-195",0,0,-1.06,107.4,"False","False","False","['Interaction with PTK2B/PYK2', 'Transcription activation', 'Disordered']",85.8,86.7,91.6,94.9,97.2,36.86,38.24,40.93,42.36,50.97,"['Phosphoserine', 'Phosphoserine']","[]",""
"ZSCAN12","zinc finger and SCAN domain containing 12 [Source:HGNC Symbol;Acc:HGNC:13172]","O43309",3,"3'-5'","sense","frame_2","VSVHTGEQEMFLQETVRLRKEGEPSMSLQSMKAQPKYESPELESQQEQX","VSVHTGEQEMFLQETVRLRKEGEPSMSLQSMKAQPKYESPELESQQEQ",49,48,"135-182",0,0,-1.12040816326531,140.729166666667,"False","False","False","['Disordered']",26,78.825,84.55,90.975,99.3,27.61,31.2275,34.16,38.425,48.54,"[]","[]",""
"RAB3C","RAB3C, member RAS oncogene family [Source:HGNC Symbol;Acc:HGNC:30269]","Q96E17",2,"5'-3'","sense","frame_2","VRVCGARRGQLQC*CWSRLANPKSAECGAWSAGTVHA*PEAQTSAVLAREKGHLPTMRHEAPMQ","MRHEAPMQ",64,8,"1-8",1,4,-0.43125,184.625,"False","False","False","[]",88.6,94.8,100.9,103.5,124,33.37,37.95,38.925,39.7775,40.88,"[]","[]",""
"CRNN","cornulin [Source:HGNC Symbol;Acc:HGNC:1230]","Q9UBG3",1,"5'-3'","sense","frame_2","*CPGGMKQVAVKWCEEX","PGGMKQ",17,6,"400-405",0,2,-0.264705882352941,120,"False","False","False","['Disordered']",65.1,89.625,96.35,101.2,102.2,39.27,39.985,40.88,43.08,48.7,"[]","[]",""
"PIAS1","protein inhibitor of activated STAT 1 [Source:HGNC Symbol;Acc:HGNC:2752]","O75925",7,"5'-3'","sense","frame_3","EII*IHEDYRSHFQTT","EDYRSHFQTT",16,10,"525-534",0,0,-0.75625,163.1,"False","False","False","['4 X 4 AA repeats of N-T-S-L']",78.1,80.5,88.6,93.4,97.3,29.29,33.9025,35.275,36.4425,37.63,"[]","[]",""
"TMEM163","transmembrane protein 163 [Source:HGNC Symbol;Acc:HGNC:25380]","Q8TC26",1,"3'-5'","sense","frame_2","TSDSSPRRACRRRRRDPQPRAMEPAAGIQRRSSQGPTVPPPPRGHAPPAAAPGPAPLSSPVREPPQLEEERQVRISESGQFSDGLEDRX","MEPAAGIQRRSSQGPTVPPPPRGHAPPAAAPGPAPLSSPVREPPQLEEERQVRISESGQFSDGLEDR",89,67,"1-67",0,1,-1.26741573033708,126.477611940299,"False","False","False","['Disordered']",12.4,72.2,87.6,97,129.6,34.65,42.24,46,54.04,62.22,"['Phosphoserine', 'Phosphoserine', 'Phosphoserine', 'Phosphoserine']","['Cytoplasmic']",""
"ZNF541","zinc finger protein 541 [Source:HGNC Symbol;Acc:HGNC:25294]","Q9H0D2",14,"3'-5'","sense","frame_3","VPCSPRERPSHHPTPKLKTKSYRRESILSSSPNAGSKRTPELLGSAESQGIFPCRECEX","VPCSPRERPSHHPTPKLKTKSYRRESILSSSPNAGSKRTPELLGSAESQGIFPCRECE",59,58,"1238-1295",1,3,-1.01864406779661,131.913793103448,"False","False","False","['C2H2-type 5', 'Disordered']",4.2,77.1,87.4,92.175,101.2,24.88,30.8025,33.59,38.24,83.55,"[]","[]",""
"ZNF564","zinc finger protein 564 [Source:HGNC Symbol;Acc:HGNC:31106]","Q8TBZ8",2,"3'-5'","sense","frame_2","TEFRSVAQAGVQWEDLSSLQPSPSGFKQFSCLSLLSNWDYRHAPPRPATFCIFGRNWVSPCWPX","FRSVAQAGVQWEDLS",64,15,"37-51",2,3,-0.33125,116.866666666667,"True","False","False","['KRAB']",13.5,53.85,69,85.7,99.9,31.81,36.91,43.53,62.37,74.56,"[]","[]",""
"MGAT3","beta-1,4-mannosyl-glycoprotein 4-beta-N-acetylglucosaminyltransferase [Source:HGNC Symbol;Acc:HGNC:7046]","Q09327",4,"5'-3'","sense","frame_1","MESCSCHPGSGVQWRDHGSLQLPPPGFX","LQLPPPG",28,7,"125-131",0,2,-0.553571428571429,145,"False","False","False","['Disordered']",79.3,83.65,93.6,94.45,102.9,34.86,38.875,43.67,55.865,70.3,"[]","['Lumenal']",""
"ANKRD34B","ankyrin repeat domain 34B [Source:HGNC Symbol;Acc:HGNC:33736]","A5PLL1",5,"3'-5'","sense","frame_2","ALHSE*TSELGPKLSTDPKFLSS*LAX","GPKLSTDPKFLSS",27,13,"239-251",0,0,-0.188888888888889,139.923076923077,"False","False","False","['Disordered']",72.9,81.9,91.8,94.4,100.9,31.63,37.24,40.96,41.67,44.12,"[]","[]",""
"TMEM40","transmembrane protein 40 [Source:HGNC Symbol;Acc:HGNC:25620]","Q8WWA1",4,"3'-5'","sense","frame_2","GETDFHKQDGKAGLFSQEQYERNKSSSSSSSSSSSSSSSSSSSSSX","GETDFHKQDGKAGLFSQEQYERNKSSSSSSSSSSSSSSSSSSSSS",46,45,"26-70",1,0,-1.31521739130435,132.4,"False","False","False","['Disordered']",74.1,84.3,88.3,95.9,110.5,33.05,41.13,44.56,48.15,58.97,"[]","[]",""
"SIGLEC10","sialic acid binding Ig like lectin 10 [Source:HGNC Symbol;Acc:HGNC:15620]","Q96LC7",6,"3'-5'","sense","frame_1","LEPQPQGNVPY","LEPQPQGNVPY",11,11,"253-263",1,0,-1.13636363636364,99.5454545454545,"False","False","False","['Ig-like C2-type 2']",39.5,47.85,66.8,75.05,91.4,45.72,47.355,49.17,62.18,87.24,"[]","['Extracellular']",""
"LRRCC1","leucine rich repeat and coiled-coil centrosomal protein 1 [Source:HGNC Symbol;Acc:HGNC:29373]","Q9C099",6,"5'-3'","sense","frame_1","IIDRMPVITAPIDELVPLEQFASTPSDAVLTSFMSVCQSSEPEKNNHENDLQNEIKLQKLDDQILQLLNE","IIDRMPVITAPIDELVPLEQFASTPSDAVLTSFMSVCQSSEPEKNNHENDLQNEIKLQKLDDQILQLLNE",70,70,"241-310",5,1,-0.328571428571429,133.4,"False","False","False","[]",48.4,67.2,85.35,93.4,104.7,22.18,28.42,30.685,54.81,77.07,"[]","[]",""
"ARNT2","aryl hydrocarbon receptor nuclear translocator 2 [Source:HGNC Symbol;Acc:HGNC:16876]","Q9HBZ2",19,"5'-3'","sense","frame_3","IPSQSSKTQSSPFGIGTSHTYPADPSSYSPLSSPATSSPSGNAYSSLANRTPGFX","IPSQSSKTQSSPFGIGTSHTYPADPSSYSPLSSPATSSPSGNAYSSLANRTPGF",55,54,"586-639",2,0,-0.623636363636364,131.111111111111,"False","False","False","['Disordered']",64.8,83.6,91.2,97.85,106.3,28.32,33.2575,34.505,36.425,44.2,"[]","[]",""
"CCDC6","coiled-coil domain containing 6 [Source:HGNC Symbol;Acc:HGNC:18782]","Q16204",8,"3'-5'","sense","frame_1","LSYASHTVGFTPPTSLTRAGMSYYNSPGLHVQHMGTSHGIT","LSYASHTVGFTPPTSLTRAGMSYYNSPGLHVQHMGTSHGIT",41,41,"370-410",1,0,-0.231707317073171,136.048780487805,"False","False","False","['Disordered']",69.1,82.3,90.7,95.6,104,34.86,37.36,40.42,42.66,53.07,"['Omega-N-methylarginine', 'Phosphoserine']","[]",""
"KRT26","keratin 26 [Source:HGNC Symbol;Acc:HGNC:30840]","Q7Z3Y9",7,"3'-5'","sense","frame_2","KSKSTCYKSKGYRPVNSGNQAKX","KSKSTCYKSKGYRPVNSGNQAK",23,22,"397-418",2,1,-1.51739130434783,139.045454545455,"True","False","False","['IF rod', 'Tail']",62.7,81.15,87.85,93.875,103.1,28.45,33.5425,35.385,38.2725,51.36,"[]","[]",""
"IGF1","insulin like growth factor 1 [Source:HGNC Symbol;Acc:HGNC:5464]","P05019",2,"3'-5'","sense","frame_2","IPAWVSKCN*MLSQTPPTKQHMFLRLQFSIHIGLIIPTLTCCKRPGTNKNDYTYX","PGTNKN",55,6,"138-143",3,3,-0.181818181818182,139.833333333333,"False","False","False","['Disordered']",82,87.275,92.5,95.1,103,28.03,34.11,36.585,36.945,39.32,"[]","[]",""
"LIN9","lin-9 DREAM MuvB core complex component [Source:HGNC Symbol;Acc:HGNC:30830]","Q5TKA1",5,"3'-5'","sense","frame_1","PFRNSKRSRLFSDEDDRQINTRSPKRNQRVAMVPQ","PFRNSKRSRLFSDEDDRQINTRSPKRNQRVAMVPQ",35,35,"54-88",3,0,-1.62857142857143,160.942857142857,"False","False","False","['Sufficient for interaction with RB1']",58.2,86.35,92.7,98.3,105.8,28.54,33.085,35.98,38.55,42.72,"['Phosphoserine']","[]",""
"PRDM16","PR/SET domain 16 [Source:HGNC Symbol;Acc:HGNC:14000]","Q9HAZ2",19,"5'-3'","sense","frame_2","CAEDHEGGLLALEPMPTFGKGLDLRRAAEEAFEVKDVLNSTLDSEALKHTLCRQAKNQ","CAEDHEGGLLALEPMPTFGKGLDLRRAAEEAFEVKDVLNSTLDSEALKHTLCRQAKNQ",58,58,"1175-1232",2,2,-0.496551724137931,131.413793103448,"False","False","False","['Mediates interaction with SKI and regulation of TGF-beta signaling']",37.7,70.8,87.1,92.075,104.7,28.61,35.8275,38.595,49.815,84.04,"[]","[]",""
"KIF15","kinesin family member 15 [Source:HGNC Symbol;Acc:HGNC:17273]","Q9NS87",18,"5'-3'","sense","frame_1","IITTPTKAYQLHSRPVPKLSPEMGSFGSLYTQNSSILDNDILNEPVPPEMNEQAFEAISEELRTVQ","IITTPTKAYQLHSRPVPKLSPEMGSFGSLYTQNSSILDNDILNEPVPPEMNEQAFEAISEELRTVQ",66,66,"658-723",4,0,-0.462121212121212,127.363636363636,"True","False","False","['COILED']",38.7,69.9,82.75,90.875,105.1,22.51,26.8875,31.325,50.5275,72.44,"[]","[]",""
"HTR7","5-hydroxytryptamine receptor 7 [Source:HGNC Symbol;Acc:HGNC:5302]","P34969",3,"3'-5'","sense","frame_2","RACTRRVLLRPEKRPPVSVWVLQSPDHHNWLAX","RACTRRVLLRPEKRPPVSVWVLQSPDHHNWLA",33,32,"433-464",1,1,-0.581818181818182,133.40625,"True","False","False","[]",17.4,70.45,81.5,87.95,99.3,24.71,28.575,31.405,55.47,60.14,"[]","['Cytoplasmic']",""
"ADCY8","adenylate cyclase 8 [Source:HGNC Symbol;Acc:HGNC:239]","P40145",12,"3'-5'","sense","frame_1","LWCDFDKSIPLKNLTFNSSAVFTDICSYPE","LWCDFDKSIPLKNLTFNSSAVFTDICSYPE",30,30,"805-834",2,2,0.0333333333333333,101.3,"True","False","False","[]",0.4,41.95,73.15,90.575,100.3,29.7,35.6825,47.02,75.8475,82.37,"['N-linked (GlcNAc...) asparagine', 'N-linked (GlcNAc...) asparagine']","['Helical', 'Helical']","True"
"CLDN10","claudin 10 [Source:HGNC Symbol;Acc:HGNC:2033]","P78369",6,"5'-3'","sense","frame_2","YTYNGATSVMSSRTKYHGGEDFKTTNPSKQFDKNAYV*KSSLASCLLSLL*KRTVHKMIPSRPSHN*HSKLFLKYAFEASVDCMDVSVLT*LVIY*SFSVX","YTYNGATSVMSSRTKYHGGEDFKTTNPSKQFDKNAYV",101,37,"192-228",4,2,-0.199009900990099,147.351351351351,"False","False","False","[]",69.8,84.9,91.7,97.7,138.6,31.16,38.49,40.63,44.91,60.25,"[]","['Cytoplasmic']",""
"COL19A1","collagen type XIX alpha 1 chain [Source:HGNC Symbol;Acc:HGNC:2196]","Q14993",21,"5'-3'","sense","frame_1","GNDEHEAGGLKGDK","GNDEHEAGGLKGDK",14,14,"448-461",1,0,-1.75,135.214285714286,"False","False","False","['Disordered', 'Triple-helical region 3 (COL3)']",79.9,86.45,90.15,98.5,110.3,33.33,36.39,37.81,39.2825,44.1,"[]","[]",""
"CCDC15","coiled-coil domain containing 15 [Source:HGNC Symbol;Acc:HGNC:25798]","Q0P6D6",9,"5'-3'","sense","frame_1","KVHFKEPYSDMTDEKGREDFSLADYQCLPPKSQDQDDIKNQ","KVHFKEPYSDMTDEKGREDFSLADYQCLPPKSQDQDDIKNQ",41,41,"637-677",1,1,-1.52439024390244,148.780487804878,"False","False","False","[]",65.5,82.9,88.1,94.6,103.4,28.81,34.36,37.75,40.23,49.7,"[]","[]",""
"STYXL2","serine/threonine/tyrosine interacting like 2 [Source:HGNC Symbol;Acc:HGNC:25034]","Q5VZP5",3,"5'-3'","sense","frame_2","GWQVVMATRKDTEEEQVVPSEEDEANVRAVQAHYLRSPSPSX","MATRKDTEEEQVVPSEEDEANVRAVQAHYLRSPSPS",42,36,"1-36",1,0,-0.869047619047619,136.527777777778,"False","False","False","['Disordered']",48.4,66.575,86.15,96.025,127.5,29.49,36.0975,40.765,57.5225,70.08,"[]","[]",""
"ZNF362","zinc finger protein 362 [Source:HGNC Symbol;Acc:HGNC:18079]","Q5T0B9",6,"5'-3'","sense","frame_3","LGLSTRTPSVSTSESSAGAGTGTGTSTPSTPTTTSQSRLIASSPTLISGITSPPLLDSIKTIQGHGLLGPPKSERGRKKIKAENPGGPPVLVVPYPILASGETAKEGKTYX","LGLSTRTPSVSTSESSAGAGTGTGTSTPSTPTTTSQSRLIASSPTLISGITSPPLLDSIKTIQGHGLLGPPKSERGRKKIKAENPGGPPVLVVPYPILASGETAKEGKTY",111,110,"118-227",1,0,-0.330630630630631,133.218181818182,"False","False","False","['C2H2-type 1', 'Disordered', 'Disordered']",32.7,85.1,91.5,97.475,109.4,29.95,35.2025,37.65,40.3325,83.7,"['Phosphothreonine', 'Glycyl lysine isopeptide (Lys-Gly) (interchain with G-Cter in SUMO2)']","[]",""
"CASP2","caspase 2 [Source:HGNC Symbol;Acc:HGNC:1503]","P42575",11,"5'-3'","sense","frame_1","VLLDPLGTSFCSLLPPPLLLX","LLDPLGTSFCSLLPPPL",21,17,"128-144",0,1,1.3,133.411764705882,"False","False","True","[]",65.8,79,87.8,92.4,96.9,23.38,29.42,31.11,34.88,53.79,"[]","[]",""
