"GeneID","EXON","READ.FRAME","STRAND","DIRECTION","SEQ","ALIGNED.SEQ","LENGTH","LENGTH.ALIGN","ALIGN.COORDS","ASN..","CYS..","HYDROPATHICITY","MEAN.ACC","HELIX","SHEET","TURN","DOMAIN","MIN","Q1","Q2","Q3","MAX","MIN_pLLDT","Q1_pLLDT","Q2_pLLDT","Q3_pLLDT","MAX_pLLDT","SIGNAL","TOPOLOGY","TRANSMEMBRANE"
"ENSG00000138107",9,"3'-5'","sense","frame_1","FGDRLLSEVKKLAPKDVKIR","FGDRLLSEVKKLAPKDVKIR",20,20,"310-329",0,0,-0.45,64.95,"True","False","False","[]",0,11.35,31.35,59.275,105.8,90.08,95.455,96.915,97.545,98.35,"[]","[]",""
"ENSG00000140564",9,"5'-3'","sense","frame_2","HGTRCAGEVAAVANNGVCGVGVAYNARIGX","HGTRCAGEVAAVANNGVCGVGVAYNARIG",30,29,"194-222",3,2,0.356666666666667,19.1034482758621,"True","False","False","['Peptidase S8', 'Charge relay system', 'Calcium 1; via carbonyl oxygen', 'Calcium 1', 'Calcium 1; via carbonyl oxygen', 'Calcium 1; via carbonyl oxygen']",0,0,1,19.4,66.1,97.19,98.3,98.73,98.82,98.91,"['']","['Lumenal']",""
"ENSG00000008838",9,"3'-5'","antisense","frame_1","DNQLTEPTVGRVQGPYTRY","RVQGPYTRY",19,9,"915-923",1,0,-1.21052631578947,65.6666666666667,"False","False","False","[]",0.3,18.9,27.8,58.6,103.5,80.39,85.47,91.29,92.04,94.9,"[]","[]",""
"ENSG00000170606",13,"5'-3'","sense","frame_3","SFVSRMSLAQFSVQKVTPQSDGSSSKVKVKVRVNVHGIFSVSSASLVEVHKSEENEEPMETDQNAKEEE","SLAQFSVQKVTPQSDGSSSKVKVKVRVNVHGIFSVSSASLVEVHKSEENEEPMETDQNAKEEE",69,63,"458-520",3,0,-0.604347826086957,73.8888888888889,"False","True","False","['Disordered']",0,14.1,40.4,83.25,102.9,31.99,43.025,91.29,95.81,97.44,"[]","[]",""
"ENSG00000171720",3,"3'-5'","sense","frame_3","VFKPYQASQHDMCRFHSEDYIDFLQRVSPTNMQGFTKSLNAFNVGDDX","VFKPYQASQHDMCRFHSEDYIDFLQRVSPTNMQGFTKSLNAFNVGDD",48,47,"47-93",3,1,-0.652083333333333,57.5106382978723,"False","True","False","['Histone deacetylase']",0,11,29.9,55.85,107.3,90.61,96.795,97.62,98.28,98.69,"[]","[]",""
"ENSG00000135218",25,"5'-3'","sense","frame_2","VLKNLKRNYIVPILWLNE","VLKNLKRNYIVPILWLNE",18,18,"401-418",3,0,0.138888888888889,31.3333333333333,"True","False","False","[]",0,0.5,4.5,29.125,81.7,95.14,97.1325,97.745,98.6025,98.78,"['N-linked (GlcNAc...) asparagine']","['Extracellular']",""
"ENSG00000148090",11,"3'-5'","sense","frame_1","VDLVTGLAIEEACYAQ","VDLVTGLAIEEACYAQ",16,16,"299-314",0,1,0.75,80.8125,"False","False","False","[]",4.7,43.425,54.35,62.65,77.3,98.65,98.7025,98.765,98.79,98.89,"[]","[]",""
"ENSG00000198467",7,"3'-5'","sense","frame_1","KCGDLEEELKIVTNNLKSLEAQADK","KCGDLEEELKIVTNNLKSLEAQADK",25,25,"189-213",2,1,-0.76,96.52,"True","False","False","['COILED']",37.4,53.7,57,63.4,71.4,95.13,97.01,97.89,98.09,98.23,"['Phosphoserine']","[]",""
"ENSG00000173511",4,"5'-3'","sense","frame_1","ILMIRYPSSQLGEMSLEEHSQCECX","ILMIRYPSSQLGEMSLEEHSQCEC",25,24,"101-124",0,2,-0.24,67.0833333333333,"False","True","False","['Disordered']",1.1,14.125,41.7,55.375,93.7,85.2,89.3225,91.96,97.955,98.57,"['', '']","[]",""
"ENSG00000130244",5,"5'-3'","sense","frame_1","EALESLSQSLRDQYRCRRCLLLKRLDLTTSAFHWSDRAE","EALESLSQSLRDQYRCRRCLLLKRLDLTTSAFHWSDRAE",39,39,"212-250",0,2,-0.669230769230769,89.6153846153846,"True","False","False","[]",10.5,37.5,50,62.8,90.5,78.35,86.81,94.02,95.525,96.66,"[]","[]",""
"ENSG00000256053",4,"5'-3'","sense","frame_1","EKEEFIHSRLKTKGLGLRTESX","EKEEFIHSRLKTKGLGLRTES",22,21,"121-141",0,0,-1.04545454545455,92.0476190476191,"True","False","False","[]",2.6,38.1,56.3,68.8,108.1,73.68,81.13,90.73,92.7,95.58,"[]","[]",""
"ENSG00000215440",9,"5'-3'","sense","frame_3","GTETNTVAPGPLWDCGLILQHRGX","TVAPGPLWDCG",24,11,"275-285",1,1,-0.2125,44.9090909090909,"False","False","True","['Zinc 2']",0.5,9.45,23.2,41.1,88.2,91.87,96.135,97.99,98.4,98.85,"[]","[]",""
"ENSG00000125388",4,"5'-3'","sense","frame_3","KDYSSLCDKQPIGRRLFRQFCDTKPTLKRHIEFLDAV","KDYSSLCDKQPIGRRLFRQFCDTKPTLKRHIEFLDAV",37,37,"51-87",0,2,-0.691891891891892,40.4324324324324,"False","False","False","['RGS', 'N-terminal']",0,3.4,16.5,40.6,84.6,91.74,95.37,96.49,97.63,98.33,"[]","[]",""
"ENSG00000108784",5,"5'-3'","sense","frame_2","VFPQVNVTKMGSWGHFNCSYSCSFLLAPEDPIFPIIGSLFLRELIKEFGTDHIYGADTFNEMQPPSSEPSYLAAATTAVYEAMTAX","VFPQVNVTKMGSWGHFNCSYSCSFLLAPEDPIFPIIGSLFLRELIKEFGTDHIYGADTFNEMQPPSSEPSYLAAATTAVYEAMTA",86,85,"256-340",3,2,0.106976744186046,41.8823529411765,"True","False","False","[]",0,5.6,23.2,47.3,98.1,97.92,98.55,98.72,98.84,98.95,"['N-linked (GlcNAc...) asparagine', 'N-linked (GlcNAc...) asparagine']","[]",""
"ENSG00000276023",2,"5'-3'","sense","frame_1","LIF*RLGEER*LLGIFGFPP*NWRQFPSFQVVLMSLLNVCVLSSHLKAFISVDCX","LMSLLNVCVLSSH",55,13,"126-138",2,2,0.694545454545454,37.3076923076923,"True","False","False","['Tyrosine-protein phosphatase']",0,1.6,19.9,33.3,64.2,97.6,98.67,98.72,98.85,98.91,"[]","[]",""
"ENSG00000175354",11,"5'-3'","antisense","frame_2","GVGGFIDPNVRTWRYGSIX","NVRTWRYGSI",19,10,"250-259",1,0,-0.142105263157895,24.7,"True","False","False","['Tyrosine-protein phosphatase']",0,0,8.85,26.825,44.4,97.53,98.41,98.49,98.655,98.7,"[]","[]",""
"ENSG00000065802",5,"5'-3'","sense","frame_2","RINEKSVWCCGWLPCTPLRIAATAGHGSCVDFLIRKGAEVDLVDVKGQTALYVAVVNGHLESTQILLEAGADPNGSRHHRSTPVYHASRVGRADILKALIX","RINEKSVWCCGWLPCTPLRIAATAGHGSCVDFLIRKGAEVDLVDVKGQTALYVAVVNGHLESTQILLEAGADPNGSRHHRSTPVYHASRVGRADILKALI",101,100,"65-164",3,4,0.0475247524752475,40.19,"False","False","True","['ANK 1', 'ANK 2', 'ANK 3', 'ANK 4']",0,3.45,18.6,36.625,94.9,47.82,89.85,95.09,97.52,98.64,"[]","[]",""
"ENSG00000036257",5,"3'-5'","sense","frame_1","MTMDEKYVNSIWDLLKNAIQEIQRKNNSGLSFEELYRNAYTMVLHKHGEKLYTGLREVVTEHLINK","MTMDEKYVNSIWDLLKNAIQEIQRKNNSGLSFEELYRNAYTMVLHKHGEKLYTGLREVVTEHLINK",66,66,"23-88",6,0,-0.624242424242424,63.030303030303,"False","False","False","['Interaction with KLHL18']",0,7.2,32.35,58.05,97,54.33,92.035,93.85,95.8075,98.15,"[]","[]",""
"ENSG00000113161",16,"5'-3'","sense","frame_1","VMGACCENVIGYMPIPVGVAGPLCLDEKEFQVPMATTEGCLVASTNRGCRAIG","VMGACCENVIGYMPIPVGVAGPLCLDEKEFQVPMATTEGCLVASTNRGCRAIG",53,53,"522-574",2,5,0.486792452830189,49.377358490566,"False","False","True","['Coenzyme A binding', 'Charge relay system']",0,4,29,50.4,107.3,82.03,93.46,96.87,98.29,98.68,"[]","['Cytoplasmic']",""
"ENSG00000111229",7,"3'-5'","sense","frame_2","CNSKSQGEKEMYTLGITNFPIPGEPGFPLNAIYAKPANKQEDX","CNSKSQGEKEMYTLGITNFPIPGEPGFPLNAIYAKPANKQED",43,42,"85-126",4,1,-0.762790697674419,61.2857142857143,"False","False","False","[]",0,14.6,34.9,58.325,105.5,91.8,95.4825,96.955,97.61,98.2,"[]","[]",""
"ENSG00000140379",2,"3'-5'","sense","frame_3","GKWHNHTPMLVESVAHKKX","GKWHN",19,5,"138-142",1,0,-0.88421052631579,53.4,"False","False","True","['BH2']",0,4.4,42.8,63,70.7,94.05,94.23,95.42,96.49,96.75,"[]","[]",""
"ENSG00000198901",3,"3'-5'","sense","frame_1","EVLAEESIVCLQKALNHLREIWELIGIPEDQRLQRTEVVKKHIK","EVLAEESIVCLQKALNHLREIWELIGIPEDQRLQRTEVVKKHIK",44,44,"5-48",1,1,-0.311363636363636,86.5227272727273,"True","False","False","['Dimerization', 'Required for the interaction with KIF4A']",7.6,40.075,54.65,61.175,89.1,86.6,90.4875,92.045,93.1775,95.54,"[]","[]",""
"ENSG00000160602",9,"5'-3'","sense","frame_3","RGIIMTFGSGSNGCLGHGSLTDISQ","RGIIMTFGSGSNGCLGHGSLTDISQ",25,25,"409-433",1,1,0.124,37.72,"False","False","True","['RCC1 2']",0,2.4,20.1,49.1,86,85.13,91.69,93.84,94.95,96.87,"[]","[]",""
"ENSG00000025708",4,"3'-5'","sense","frame_1","VPMISGRGLGHTGGTLDKLESIPGFNVIQSPEQ","VPMISGRGLGHTGGTLDKLESIPGFNVIQSPEQ",33,33,"140-172",1,0,-0.16969696969697,28.8181818181818,"False","True","False","[]",0,1.8,10.9,36.7,64.2,76.36,91.91,95.29,98.05,98.86,"[]","[]",""
"ENSG00000160972",7,"5'-3'","sense","frame_1","LEEX","LEE",4,3,"84-86",0,0,-0.8,76.3333333333333,"True","False","False","['ANK 1']",26.2,30.65,35.1,50.65,66.2,96.92,97.13,97.34,97.405,97.47,"[]","[]",""
"ENSG00000171862",3,"5'-3'","sense","frame_3","IYPNIIAMGFPAERLEGVYRNNIDDVVX","IYPNIIAMGFPAERLEGVYRNNIDDVV",28,27,"28-54",3,0,0.0928571428571428,41.0740740740741,"False","True","False","['Phosphatase tensin-type']",0,1.3,13.4,34.45,92.1,61.73,86.15,94.11,97.64,98.75,"[]","[]",""
"ENSG00000173039",8,"3'-5'","sense","frame_2","DIEVYFTGPGWEARGSFSQADVHRQVAIVFRTPPYADPSLQAPVRVSMQLRRPSDRELSEPMEFQYLPDTX","DIEVYFTGPGWEARGSFSQADVHRQVAIVFRTPPYADPSLQAPVRVSMQLRRPSDRELSEPMEFQYLPDT",71,70,"223-292",0,0,-0.556338028169014,56.9,"False","False","False","['RHD']",0,10.2,33.1,56.5,116.3,75.54,95.8375,97.625,98.2225,98.7,"['Phosphothreonine', 'Phosphoserine; by RPS6KA4 and RPS6KA5', 'Phosphoserine']","[]",""
"ENSG00000164307",12,"3'-5'","sense","frame_3","HWHQEGVDVKTMMNTWTLQKGFPLITITVRGRNVHMKQEHYMKGSDGAPDTG","HWHQEGVDVKTMMNTWTLQKGFPLITITVRGRNVHMKQEHYMKGSDGAPD",52,50,"509-560",2,0,-0.778846153846154,47.8846153846154,"True","False","False","[]",0,1.275,31.35,51.9,108.6,36.32,71.595,96.655,98.3125,98.79,"[]","['Lumenal']",""
"ENSG00000175084",3,"5'-3'","sense","frame_1","DVDAATLARIDLERRIESLNEEIAFLKKVHEE","DVDAATLARIDLERRIESLNEEIAFLKKVHEE",32,32,"214-245",1,0,-0.434375,95.9375,"True","False","False","['IF rod', 'Coil 1B']",29.4,49.775,57.45,63.075,68.4,93.69,96.1675,96.73,97.095,97.75,"[]","[]",""
"ENSG00000010278",2,"5'-3'","sense","frame_2","FSRHMRTAAGRAP*GVALFKSAAGDQPTAACICIQRQVPPVPAARAPQSRTRSAQAKLALTMPVKGGTKCIKYLLFGFNFIFW","MPVKGGTKCIKYLLFGFNFIFW",83,22,"1-22",1,3,0.0710843373493976,74.9090909090909,"False","False","False","[]",2.3,19.1,42.15,66.6,92.9,57.44,80.725,91.345,94.185,97.44,"['S-palmitoyl cysteine']","['Cytoplasmic', 'Helical']","True"
"ENSG00000134291",2,"3'-5'","antisense","frame_2","TTSSSPYLECLSLLLPRSDLVHPRPHGVQGPATPSSV","LSLLLPRSD",37,9,"174-182",0,1,-0.151351351351351,67.7777777777778,"False","True","False","[]",0,26,46.5,50.5,70.8,86.53,94.06,94.6,94.79,95.48,"[]","[]",""
"ENSG00000136059",17,"5'-3'","sense","frame_1","ERAGHHGKGQSASTTRLFQVQGTDSHNTRTMEVPARASSLNSSDIFLLVTASVCYLWFGK","ERAGHHGKGQSASTTRLFQVQGTDSHNTRTMEVPARASSLNSSDIFLLVTASVCYLWFGK",60,60,"494-553",2,1,-0.353333333333333,47.6666666666667,"False","False","False","['Gelsolin-like 5']",0,2.25,24.05,54.9,105.5,35.54,83.71,91.005,93.635,95.03,"[]","[]",""
"ENSG00000204084",22,"3'-5'","sense","frame_2","YHPKLNLLPSKRFLWRQF*YKGTNLEQTYX","RFLWRQF*YKGTNLEQ",30,16,"605-615",2,0,-0.913333333333333,50.9090909090909,"False","True","False","['5-phosphatase']",0,6.55,25,53.5,83.9,93.65,97.4,98.11,98.655,98.81,"[]","[]",""
"ENSG00000186517",4,"3'-5'","sense","frame_1","QEFESERKPDLRRDVYLQDIHCVSSLCKAYFRELPDPLLTYRLYDKFA","QEFESERKPDLRRDVYLQDIHCVSSLCKAYFRELPDPLLTYRLYDKFA",48,48,"68-115",0,2,-0.677083333333333,47.6041666666667,"True","False","False","['Rho-GAP']",0,0.7,14.65,49.925,88.5,74.7,93.8,95.75,97.5975,98.21,"[]","[]",""
"ENSG00000082212",14,"5'-3'","sense","frame_3","VALAVILCNTRHISDSVFLEAAK","VALAVILCNTRHISDSVFLEAAK",23,23,"474-496",1,1,0.917391304347826,23.6521739130435,"True","False","False","[]",0,0.2,2.1,27.9,55.3,97.6,98.45,98.6,98.78,98.87,"[]","[]",""
"ENSG00000136286",19,"3'-5'","sense","frame_1","ATDNPTASSLFAQRLKTLQDKDGFGAVLFSSHVRK","ATDNPTASSLFAQRLKTLQDKDGFGAVLFSSHVRK",35,35,"843-877",1,0,-0.382857142857143,50.9428571428571,"False","False","True","['TH1']",0,9.05,30.9,67.7,94.9,84.1,88.56,90.52,92.39,94.6,"[]","[]",""
